Gene_set,Term,Overlap,P-value,Adjusted P-value,Old P-value,Old Adjusted P-value,Odds Ratio,Combined Score,Genes
KEGG_2021_Human,Calcium signaling pathway,9/240,0.0007188031814807622,0.0881292454029163,0,0,3.991772625280479,28.892142803335684,NTRK2;EDNRB;GNAL;PDGFD;TACR1;FGF2;MET;RYR3;EGFR
KEGG_2021_Human,ABC transporters,4/45,0.001049157683368,0.0881292454029163,0,0,9.835241413638624,67.46747081104573,ABCA10;ABCA5;ABCA9;ABCA8
KEGG_2021_Human,Focal adhesion,7/201,0.004179357488742,0.1974936209610696,0,0,3.665455905133273,20.07789303733007,TNXB;RELN;IBSP;PDGFD;PPP1R12B;MET;EGFR
KEGG_2021_Human,Epithelial cell signaling in Helicobacter pylori infection,4/70,0.0053199003877868,0.1974936209610696,0,0,6.1020408163265305,31.95212059737399,CXCL2;MET;EGFR;JAM2
KEGG_2021_Human,Melanoma,4/72,0.005877786338127,0.1974936209610696,0,0,5.921968787515006,30.41863718634327,PDGFD;FGF2;MET;EGFR
KEGG_2021_Human,Cytokine-cytokine receptor interaction,8/295,0.0098700708642946,0.2763619842002489,0,0,2.8328977932636468,13.083025264259472,CCL14;IL33;CCL11;TSLP;IL11RA;LIFR;CXCL2;TNFRSF10D
KEGG_2021_Human,Viral protein interaction with cytokine and cytokine receptor,4/100,0.0180733221304631,0.4300053068997751,0,0,4.188775510204081,16.81088959163861,CCL14;CCL11;CXCL2;TNFRSF10D
KEGG_2021_Human,Proximal tubule bicarbonate reclamation,2/23,0.02193048949736,0.4300053068997751,0,0,9.513708513708512,36.34120010270031,CA4;AQP1
KEGG_2021_Human,JAK-STAT signaling pathway,5/162,0.0235849453451751,0.4300053068997751,0,0,3.208067940552017,12.02110113138322,STAT5B;TSLP;IL11RA;LIFR;EGFR
KEGG_2021_Human,PI3K-Akt signaling pathway,8/354,0.0264053523777844,0.4300053068997751,0,0,2.3427263969171483,8.513909442296672,NTRK2;TNXB;RELN;IBSP;PDGFD;FGF2;MET;EGFR
KEGG_2021_Human,Ras signaling pathway,6/232,0.0294780387031516,0.4300053068997751,0,0,2.678678952650305,9.43995859705951,NTRK2;PDGFD;PLA2G4A;FGF2;MET;EGFR
KEGG_2021_Human,Retinol metabolism,3/68,0.0307146647785553,0.4300053068997751,0,0,4.623584537290121,16.10401456697529,ADH1C;ALDH1A2;HSD17B6
KEGG_2021_Human,Non-small cell lung cancer,3/72,0.0355175071354049,0.4323718619584394,0,0,4.354667843743103,14.534703522115317,STAT5B;MET;EGFR
KEGG_2021_Human,Ascorbate and aldarate metabolism,2/30,0.0360309884965366,0.4323718619584394,0,0,7.132756132756133,23.70482996930019,KL;RGN
KEGG_2021_Human,ErbB signaling pathway,3/85,0.0536051258792773,0.5098712351353657,0,0,3.661879410672279,10.71506409870918,STAT5B;NRG2;EGFR
KEGG_2021_Human,Proteoglycans in cancer,5/205,0.0554001135421681,0.5098712351353657,0,0,2.5128205128205128,7.270026059022339,PTCH1;PPP1R12B;FGF2;MET;EGFR
KEGG_2021_Human,ECM-receptor interaction,3/88,0.0582996390300356,0.5098712351353657,0,0,3.532099134069872,10.038788675236006,TNXB;RELN;IBSP
KEGG_2021_Human,Gap junction,3/88,0.0582996390300356,0.5098712351353657,0,0,3.532099134069872,10.038788675236006,PDGFD;CDK1;EGFR
KEGG_2021_Human,Phospholipase D signaling pathway,4/148,0.0615220279186882,0.5098712351353657,0,0,2.7857142857142856,7.767574259975069,ARF1;PDGFD;PLA2G4A;EGFR
KEGG_2021_Human,Salivary secretion,3/93,0.0665382374289198,0.5098712351353657,0,0,3.33502538071066,9.037847070802028,CST1;RYR3;CST4
KEGG_2021_Human,Regulation of actin cytoskeleton,5/218,0.0683161109150279,0.5098712351353657,0,0,2.357890935355724,6.32765888113251,PDGFD;MYH11;PPP1R12B;FGF2;EGFR
KEGG_2021_Human,Oxytocin signaling pathway,4/154,0.0690655992936023,0.5098712351353657,0,0,2.673469387755102,7.14537765353487,PLA2G4A;PPP1R12B;RYR3;EGFR
KEGG_2021_Human,Choline metabolism in cancer,3/98,0.0752775128137596,0.5098712351353657,0,0,3.158696232968208,8.170200992229566,PDGFD;PLA2G4A;EGFR
KEGG_2021_Human,MAPK signaling pathway,6/294,0.0755110198648468,0.5098712351353657,0,0,2.095360824742268,5.413315816227722,NTRK2;PDGFD;PLA2G4A;FGF2;MET;EGFR
KEGG_2021_Human,Riboflavin metabolism,1/8,0.0772680713380291,0.5098712351353657,0,0,14.208901651112706,36.38152974515558,FLAD1
KEGG_2021_Human,Progesterone-mediated oocyte maturation,3/100,0.0789086435328542,0.5098712351353657,0,0,3.0932544874143075,7.855209980826792,CCNB1;CDK1;AURKA
KEGG_2021_Human,Protein digestion and absorption,3/103,0.0844959534746252,0.525752599397668,0,0,3.0,7.413154900919784,MME;COL11A1;COL10A1
KEGG_2021_Human,Tight junction,4/169,0.0898889193632936,0.5393335161797619,0,0,2.4285714285714284,5.850867172003845,CLDN11;MYH11;AMOTL1;JAM2
KEGG_2021_Human,Hedgehog signaling pathway,2/56,0.1079975643594305,0.6027345773880969,0,0,3.6936026936026938,8.220654292796869,PTCH1;BOC
KEGG_2021_Human,Axon guidance,4/182,0.1100876128420356,0.6027345773880969,0,0,2.249713368493465,4.9639447407887465,SEMA6A;PTCH1;BOC;MET
KEGG_2021_Human,Legionellosis,2/57,0.111218880351375,0.6027345773880969,0,0,3.6262626262626254,7.964197874788815,ARF1;CXCL2
KEGG_2021_Human,Chemokine signaling pathway,4/192,0.126882620786053,0.6511871565556299,0,0,2.128962223187147,4.395227321074526,CCL14;STAT5B;CCL11;CXCL2
KEGG_2021_Human,Cell cycle,3/124,0.1279117628948558,0.6511871565556299,0,0,2.476695892939548,5.093113606778357,CCNB1;CDK1;CDC14B
KEGG_2021_Human,Oocyte meiosis,3/129,0.1392329274452611,0.6874427848745278,0,0,2.3778100072516315,4.688106881874375,CCNB1;CDK1;AURKA
KEGG_2021_Human,Vascular smooth muscle contraction,3/133,0.1485252637790944,0.6874427848745278,0,0,2.304178055447091,4.394068032736382,PLA2G4A;MYH11;PPP1R12B
KEGG_2021_Human,Central carbon metabolism in cancer,2/70,0.1550849226995339,0.6874427848745278,0,0,2.931075460487225,5.462886925837976,MET;EGFR
KEGG_2021_Human,Nitrogen metabolism,1/17,0.157114351192228,0.6874427848745278,0,0,6.21356783919598,11.499955704952034,CA4
KEGG_2021_Human,Adherens junction,2/71,0.1585864433775845,0.6874427848745278,0,0,2.888449714536671,5.318951469597782,MET;EGFR
KEGG_2021_Human,Rap1 signaling pathway,4/210,0.1595849322030154,0.6874427848745278,0,0,1.9411531602932437,3.5623635314302,PDGFD;FGF2;MET;EGFR
KEGG_2021_Human,p53 signaling pathway,2/73,0.1656330532612982,0.6956588236974526,0,0,2.806800398349694,5.046572271238703,CCNB1;CDK1
KEGG_2021_Human,Signaling pathways regulating pluripotency of stem cells,3/143,0.1725795861644545,0.7071553774543504,0,0,2.1385061638868748,3.7571345929995696,ID4;LIFR;FGF2
KEGG_2021_Human,Gastric cancer,3/149,0.187511062593512,0.7500442503740483,0,0,2.049996523190321,3.4315249214751327,FGF2;MET;EGFR
KEGG_2021_Human,Renin-angiotensin system,1/23,0.2064867613185778,0.8067389744539787,0,0,4.517587939698492,7.126580711797677,MME
KEGG_2021_Human,Necroptosis,3/159,0.2130886861186362,0.8136113469984294,0,0,1.9176103084732523,2.9647153446790657,STAT5B;IL33;PLA2G4A
KEGG_2021_Human,alpha-Linolenic acid metabolism,1/25,0.2222961348450487,0.8173277722903949,0,0,4.14070351758794,6.226561570384656,PLA2G4A
KEGG_2021_Human,GnRH signaling pathway,2/93,0.2383084712706434,0.8173277722903949,0,0,2.187701187701188,3.1375777372613727,PLA2G4A;EGFR
KEGG_2021_Human,IL-17 signaling pathway,2/94,0.2420054666899618,0.8173277722903949,0,0,2.163812033377251,3.070005614813883,CCL11;CXCL2
KEGG_2021_Human,Linoleic acid metabolism,1/29,0.252980772589684,0.8173277722903949,0,0,3.548456568557071,4.877147000705543,PLA2G4A
KEGG_2021_Human,Prostate cancer,2/97,0.253110289845866,0.8173277722903949,0,0,2.095162147793727,2.878606039624586,PDGFD;EGFR
KEGG_2021_Human,Pentose phosphate pathway,1/30,0.2604618012849767,0.8173277722903949,0,0,3.425922717033443,4.608890626901229,RGN
KEGG_2021_Human,Hematopoietic cell lineage,2/99,0.2605209452628556,0.8173277722903949,0,0,2.0517546600020826,2.7597577787968723,MME;IL11RA
KEGG_2021_Human,Asthma,1/31,0.2678682819607093,0.8173277722903949,0,0,3.3115577889447234,4.362182296847866,CCL11
KEGG_2021_Human,Amoebiasis,2/102,0.2716402584331571,0.8173277722903949,0,0,1.9898989898989896,2.593388923930461,GNAL;CXCL2
KEGG_2021_Human,"Parathyroid hormone synthesis, secretion and action",2/106,0.2864567291305087,0.8173277722903949,0,0,1.912975912975913,2.3915408635892965,KL;EGFR
KEGG_2021_Human,Pentose and glucuronate interconversions,1/34,0.2896477910754225,0.8173277722903949,0,0,3.010050251256281,3.7297219848476746,KL
KEGG_2021_Human,Drug metabolism,2/108,0.2938547028204486,0.8173277722903949,0,0,1.8766914427291783,2.298327412458919,ADH1C;FMO2
KEGG_2021_Human,Tyrosine metabolism,1/36,0.3038080819844295,0.8173277722903949,0,0,2.8377602297200286,3.380791434126185,ADH1C
KEGG_2021_Human,Aldosterone-regulated sodium reabsorption,1/37,0.3107825442509396,0.8173277722903949,0,0,2.758793969849246,3.2240971983470845,NR3C2
KEGG_2021_Human,Pathogenic Escherichia coli infection,3/197,0.3151038251381493,0.8173277722903949,0,0,1.5390130305091845,1.7773339551429872,CLDN11;ARF1;MYH11
KEGG_2021_Human,Leukocyte transendothelial migration,2/114,0.3159765270928876,0.8173277722903949,0,0,1.7756132756132756,2.045661592448686,CLDN11;JAM2
KEGG_2021_Human,"Growth hormone synthesis, secretion and action",2/119,0.3342934948533607,0.8173277722903949,0,0,1.6993006993006994,1.8619848571697335,STAT5B;SSTR1
KEGG_2021_Human,Bladder cancer,1/41,0.3379920100397979,0.8173277722903949,0,0,2.4824120603015074,2.6927543377926204,EGFR
KEGG_2021_Human,Ferroptosis,1/41,0.3379920100397979,0.8173277722903949,0,0,2.4824120603015074,2.6927543377926204,PRNP
KEGG_2021_Human,Fatty acid degradation,1/43,0.3511932019412653,0.8173277722903949,0,0,2.363962670495334,2.473694919601735,ADH1C
KEGG_2021_Human,cAMP signaling pathway,3/216,0.3669744090644737,0.8173277722903949,0,0,1.4003717737899477,1.4038211183292757,PTCH1;FXYD1;SSTR1
KEGG_2021_Human,Relaxin signaling pathway,2/129,0.3704684745885532,0.8173277722903949,0,0,1.5647021395052891,1.5537287687021244,EDNRB;EGFR
KEGG_2021_Human,MicroRNAs in cancer,4/310,0.3754241757308193,0.8173277722903949,0,0,1.3001200480192077,1.2737259949705566,TNXB;SPRY2;MET;EGFR
KEGG_2021_Human,Pyruvate metabolism,1/47,0.376814886705751,0.8173277722903949,0,0,2.1579637317019884,2.1061752538856453,ADH1C
KEGG_2021_Human,FoxO signaling pathway,2/131,0.3776143893798206,0.8173277722903949,0,0,1.5402865867982147,1.500056978121565,CCNB1;EGFR
KEGG_2021_Human,Ether lipid metabolism,1/49,0.3892456229672477,0.8173277722903949,0,0,2.0678391959799,1.9510987409424116,PLA2G4A
KEGG_2021_Human,Vibrio cholerae infection,1/50,0.3953681557510544,0.8173277722903949,0,0,2.025535842477695,1.8795714928238212,ARF1
KEGG_2021_Human,Malaria,1/50,0.3953681557510544,0.8173277722903949,0,0,2.025535842477695,1.8795714928238212,MET
KEGG_2021_Human,Ovarian steroidogenesis,1/51,0.4014296166851454,0.8173277722903949,0,0,1.984924623115578,1.8116864795932897,PLA2G4A
KEGG_2021_Human,Endocrine and other factor-regulated calcium reabsorption,1/53,0.4133717413870322,0.8173277722903949,0,0,1.9083880943177425,1.6858852917962188,KL
KEGG_2021_Human,Fanconi anemia pathway,1/54,0.4192535996279672,0.8173277722903949,0,0,1.8722859580923483,1.627539412897697,UBE2T
KEGG_2021_Human,Human papillomavirus infection,4/331,0.4227647788599988,0.8173277722903949,0,0,1.215315483991762,1.0463129021115765,TNXB;RELN;IBSP;EGFR
KEGG_2021_Human,Chemical carcinogenesis,3/239,0.428787635100299,0.8173277722903949,0,0,1.2624107373311535,1.0690012138913028,STAT5B;FGF2;EGFR
KEGG_2021_Human,Breast cancer,2/147,0.433457636286527,0.8173277722903949,0,0,1.369209334726576,1.1446058954410874,FGF2;EGFR
KEGG_2021_Human,Cell adhesion molecules,2/148,0.436861177553996,0.8173277722903949,0,0,1.35976200359762,1.1260730416696714,CLDN11;JAM2
KEGG_2021_Human,Pathways in cancer,6/531,0.4392346921593641,0.8173277722903949,0,0,1.1354933726067746,0.9341947000091928,STAT5B;EDNRB;PTCH1;FGF2;MET;EGFR
KEGG_2021_Human,Endometrial cancer,1/58,0.4421999998339941,0.8173277722903949,0,0,1.740544829410209,1.4202724160163902,EGFR
KEGG_2021_Human,Neuroactive ligand-receptor interaction,4/341,0.445029315258803,0.8173277722903949,0,0,1.178647126506389,0.954250537120967,EDNRB;THRB;TACR1;SSTR1
KEGG_2021_Human,VEGF signaling pathway,1/59,0.4477942115947188,0.8173277722903949,0,0,1.7104487957026513,1.3742113392020114,PLA2G4A
KEGG_2021_Human,Viral myocarditis,1/60,0.4533325962584122,0.8173277722903949,0,0,1.681372966527553,1.330183274831934,DMD
KEGG_2021_Human,Long-term depression,1/60,0.4533325962584122,0.8173277722903949,0,0,1.681372966527553,1.330183274831934,PLA2G4A
KEGG_2021_Human,Steroid hormone biosynthesis,1/61,0.4588157080798082,0.8173277722903949,0,0,1.6532663316582914,1.288070804786777,HSD17B6
KEGG_2021_Human,Arachidonic acid metabolism,1/61,0.4588157080798082,0.8173277722903949,0,0,1.6532663316582914,1.288070804786777,PLA2G4A
KEGG_2021_Human,Cellular senescence,2/156,0.4636829675375702,0.8173277722903949,0,0,1.2886002886002883,0.9903591895699384,CCNB1;CDK1
KEGG_2021_Human,Hepatitis C,2/157,0.4669832454160993,0.8173277722903949,0,0,1.280221570544151,0.9748399482603152,CLDN11;EGFR
KEGG_2021_Human,Basal cell carcinoma,1/63,0.4696183035751055,0.8173277722903949,0,0,1.5997730588426,1.2091645247691418,PTCH1
KEGG_2021_Human,Cytosolic DNA-sensing pathway,1/63,0.4696183035751055,0.8173277722903949,0,0,1.5997730588426,1.2091645247691418,IL33
KEGG_2021_Human,Acute myeloid leukemia,1/67,0.4905840112592053,0.8173277722903949,0,0,1.5025125628140703,1.0700274503610792,STAT5B
KEGG_2021_Human,Glycolysis / Gluconeogenesis,1/67,0.4905840112592053,0.8173277722903949,0,0,1.5025125628140703,1.0700274503610792,ADH1C
KEGG_2021_Human,Fc epsilon RI signaling pathway,1/68,0.4956952821636893,0.8173277722903949,0,0,1.4800120003000077,1.0386633811930914,PLA2G4A
KEGG_2021_Human,cGMP-PKG signaling pathway,2/167,0.4993126955468189,0.8173277722903949,0,0,1.202020202020202,0.8348303583619261,EDNRB;PDE2A
KEGG_2021_Human,Renal cell carcinoma,1/69,0.500755522308534,0.8173277722903949,0,0,1.4581732190363583,1.0085269537658983,MET
KEGG_2021_Human,Renin secretion,1/69,0.500755522308534,0.8173277722903949,0,0,1.4581732190363583,1.0085269537658983,AQP1
KEGG_2021_Human,Hepatocellular carcinoma,2/168,0.5024765895852316,0.8173277722903949,0,0,1.1947182670074237,0.8222125520888384,MET;EGFR
KEGG_2021_Human,Prolactin signaling pathway,1/70,0.5057652387756465,0.8173277722903949,0,0,1.4369674459252786,0.9795558086095748,STAT5B
KEGG_2021_Human,Inositol phosphate metabolism,1/73,0.5204962404113022,0.8173277722903949,0,0,1.3768844221105527,0.8990678202624621,INPP1
KEGG_2021_Human,Glioma,1/75,0.5300733603880184,0.8173277722903949,0,0,1.3395355154149124,0.8502565938086776,EGFR
KEGG_2021_Human,Chronic myeloid leukemia,1/76,0.5347903032317255,0.8173277722903949,0,0,1.321608040201005,0.8271687875669174,STAT5B
KEGG_2021_Human,Metabolism of xenobiotics by cytochrome P450,1/76,0.5347903032317255,0.8173277722903949,0,0,1.321608040201005,0.8271687875669174,ADH1C
KEGG_2021_Human,Pancreatic cancer,1/76,0.5347903032317255,0.8173277722903949,0,0,1.321608040201005,0.8271687875669174,EGFR
KEGG_2021_Human,Arrhythmogenic right ventricular cardiomyopathy,1/77,0.5394601334395485,0.8173277722903949,0,0,1.3041523406506217,0.8049050782659102,DMD
KEGG_2021_Human,Bacterial invasion of epithelial cells,1/77,0.5394601334395485,0.8173277722903949,0,0,1.3041523406506217,0.8049050782659102,MET
KEGG_2021_Human,Transcriptional misregulation in cancer,2/192,0.5744500370339674,0.8173277722903949,0,0,1.0425305688463584,0.5779186403259151,TSPAN7;MET
KEGG_2021_Human,Complement and coagulation cascades,1/85,0.5751779449472499,0.8173277722903949,0,0,1.1794687724335966,0.6523356544527062,PROS1
KEGG_2021_Human,Kaposi sarcoma-associated herpesvirus infection,2/193,0.5772801068153817,0.8173277722903949,0,0,1.0370194087471574,0.5697671642496996,FGF2;CXCL2
KEGG_2021_Human,Taste transduction,1/86,0.5794442849420854,0.8173277722903949,0,0,1.1655335501034585,0.636015065932131,SCN3A
KEGG_2021_Human,Colorectal cancer,1/86,0.5794442849420854,0.8173277722903949,0,0,1.1655335501034585,0.636015065932131,EGFR
KEGG_2021_Human,PD-L1 expression and PD-1 checkpoint pathway in cancer,1/89,0.591989195722158,0.8173277722903949,0,0,1.1256281407035176,0.5901295699518402,EGFR
KEGG_2021_Human,Bile secretion,1/90,0.5960875287025766,0.8173277722903949,0,0,1.1129241714188922,0.5757910883551692,AQP1
KEGG_2021_Human,Hypertrophic cardiomyopathy,1/90,0.5960875287025766,0.8173277722903949,0,0,1.1129241714188922,0.5757910883551692,DMD
KEGG_2021_Human,Morphine addiction,1/91,0.6001448988156681,0.8173277722903949,0,0,1.100502512562814,0.5618991453376235,PDE2A
KEGG_2021_Human,Th1 and Th2 cell differentiation,1/92,0.6041617136020576,0.8173277722903949,0,0,1.0883538571980782,0.5484360698708618,STAT5B
KEGG_2021_Human,Viral carcinogenesis,2/203,0.604826200865932,0.8173277722903949,0,0,0.9849238655208804,0.4952336400226655,STAT5B;CDK1
KEGG_2021_Human,Rheumatoid arthritis,1/93,0.6081383763355012,0.8173277722903949,0,0,1.0764693030369237,0.5353850545471538,CXCL2
KEGG_2021_Human,TGF-beta signaling pathway,1/94,0.6120752863236749,0.8173277722903949,0,0,1.0648403306856864,0.5227301046685241,ID4
KEGG_2021_Human,Dilated cardiomyopathy,1/96,0.6198314260741546,0.8173277722903949,0,0,1.0423168473948692,0.4985482066164667,DMD
KEGG_2021_Human,Circadian entrainment,1/97,0.6236514348962008,0.8173277722903949,0,0,1.0314070351758795,0.4869929254325685,RYR3
KEGG_2021_Human,Fc gamma R-mediated phagocytosis,1/97,0.6236514348962008,0.8173277722903949,0,0,1.0314070351758795,0.4869929254325685,PLA2G4A
KEGG_2021_Human,Phosphatidylinositol signaling system,1/97,0.6236514348962008,0.8173277722903949,0,0,1.0314070351758795,0.4869929254325685,INPP1
KEGG_2021_Human,Aldosterone synthesis and secretion,1/98,0.6274332493027582,0.8173277722903949,0,0,1.0207221675387246,0.4757769643136218,PDE2A
KEGG_2021_Human,mRNA surveillance pathway,1/98,0.6274332493027582,0.8173277722903949,0,0,1.0207221675387246,0.4757769643136218,GSPT2
KEGG_2021_Human,Glycerophospholipid metabolism,1/98,0.6274332493027582,0.8173277722903949,0,0,1.0207221675387246,0.4757769643136218,PLA2G4A
KEGG_2021_Human,Inflammatory mediator regulation of TRP channels,1/98,0.6274332493027582,0.8173277722903949,0,0,1.0207221675387246,0.4757769643136218,PLA2G4A
KEGG_2021_Human,Human immunodeficiency virus 1 infection,2/212,0.6284441179937611,0.8173277722903949,0,0,0.9422799422799424,0.4376967299204192,CCNB1;CDK1
KEGG_2021_Human,AGE-RAGE signaling pathway in diabetic complications,1/100,0.6348838112697764,0.8173277722903949,0,0,1.0,0.454313271209604,STAT5B
KEGG_2021_Human,Melanogenesis,1/101,0.6385533074411538,0.8173277722903949,0,0,0.9899497487437184,0.4440420770500481,EDNRB
KEGG_2021_Human,Chagas disease,1/102,0.642186106799596,0.8173277722903949,0,0,0.9800985123637992,0.4340632175669919,GNAL
KEGG_2021_Human,Longevity regulating pathway,1/102,0.642186106799596,0.8173277722903949,0,0,0.9800985123637992,0.4340632175669919,KL
KEGG_2021_Human,NF-kappa B signaling pathway,1/104,0.6493430720264805,0.8202228278229227,0,0,0.9609698980338586,0.4149411183845573,CXCL2
KEGG_2021_Human,Th17 cell differentiation,1/107,0.6598123057378238,0.8272273683877194,0,0,0.933630416232104,0.388203405372955,STAT5B
KEGG_2021_Human,HIF-1 signaling pathway,1/109,0.6666184129739804,0.8295695805898423,0,0,0.916247906197655,0.3715728772578474,EGFR
KEGG_2021_Human,TNF signaling pathway,1/112,0.6765743473112501,0.831535130820066,0,0,0.8913486350672281,0.3482614435144341,CXCL2
KEGG_2021_Human,Serotonergic synapse,1/113,0.6798268039735822,0.831535130820066,0,0,0.8833452979181622,0.3408981557475202,PLA2G4A
KEGG_2021_Human,Glutamatergic synapse,1/114,0.683046714602197,0.831535130820066,0,0,0.8754836127540356,0.3337273716848506,PLA2G4A
KEGG_2021_Human,Neurotrophin signaling pathway,1/119,0.6986693101557254,0.8331245093232327,0,0,0.8381739204497062,0.3005505089455322,NTRK2
KEGG_2021_Human,Thyroid hormone signaling pathway,1/121,0.7047016248848418,0.8331245093232327,0,0,0.8241206030150754,0.2884263820632575,THRB
KEGG_2021_Human,Shigellosis,2/246,0.7078260186562699,0.8331245093232327,0,0,0.8095711210465308,0.2797529288928009,ARF1;EGFR
KEGG_2021_Human,Platelet activation,1/124,0.7135255255654438,0.8331245093232327,0,0,0.8038975364628018,0.2713452170770706,PLA2G4A
KEGG_2021_Human,Salmonella infection,2/249,0.7141067222770565,0.8331245093232327,0,0,0.7996155890892733,0.2692488455287063,ARF1;RHOJ
KEGG_2021_Human,Parkinson disease,2/249,0.7141067222770565,0.8331245093232327,0,0,0.7996155890892733,0.2692488455287063,GNAL;RYR3
KEGG_2021_Human,Endocytosis,2/252,0.7202744389606786,0.8345248672096138,0,0,0.7898989898989899,0.2591840060205806,ARF1;EGFR
KEGG_2021_Human,Purine metabolism,1/129,0.7276527766729426,0.8372990854866736,0,0,0.7722989949748744,0.2455380232172469,PDE2A
KEGG_2021_Human,Dopaminergic synapse,1/132,0.7357941059880472,0.8409075497006253,0,0,0.7544976792358741,0.2314836202546984,GNAL
KEGG_2021_Human,Apelin signaling pathway,1/137,0.7488283343138599,0.8440092562949085,0,0,0.7265740467041087,0.210158284256341,RYR3
KEGG_2021_Human,Estrogen signaling pathway,1/137,0.7488283343138599,0.8440092562949085,0,0,0.7265740467041087,0.210158284256341,EGFR
KEGG_2021_Human,Measles,1/139,0.7538610468365632,0.8440092562949085,0,0,0.715971160148569,0.202295658016559,STAT5B
KEGG_2021_Human,Prion disease,2/273,0.7603836959122781,0.8440092562949085,0,0,0.7279063699727907,0.1993969278525846,PRNP;RYR3
KEGG_2021_Human,Spinocerebellar ataxia,1/143,0.76362742236206,0.8440092562949085,0,0,0.6956614056196475,0.1876026814442347,RELN
KEGG_2021_Human,Adrenergic signaling in cardiomyocytes,1/150,0.7797997353776313,0.8562506898264187,0,0,0.6627432464335098,0.164836268730291,SCN4B
KEGG_2021_Human,Cushing syndrome,1/155,0.7906726445156229,0.8625519758352249,0,0,0.6410624551328069,0.1505671382701188,EGFR
KEGG_2021_Human,Hepatitis B,1/162,0.8050029422478624,0.872519318049296,0,0,0.6129716907518962,0.1329592889277211,STAT5B
KEGG_2021_Human,Wnt signaling pathway,1/166,0.8127489127472175,0.8752680598816188,0,0,0.5979899497487438,0.1239830846623929,SFRP1
KEGG_2021_Human,Olfactory transduction,3/440,0.819439063746409,0.8759365650626314,0,0,0.6747551952049623,0.1343675386880797,GNAL;PDE2A;OR2B6
KEGG_2021_Human,Influenza A,1/172,0.8237974838089034,0.8759365650626314,0,0,0.5768315260513092,0.1118075727341318,IL33
KEGG_2021_Human,NOD-like receptor signaling pathway,1/181,0.8391656848970497,0.8866656293251846,0,0,0.5477386934673367,0.0960443985736259,CXCL2
KEGG_2021_Human,Alcoholism,1/186,0.8471194043176771,0.889475374533561,0,0,0.5327991307890806,0.0883986330790981,NTRK2
KEGG_2021_Human,Lipid and atherosclerosis,1/215,0.8861089424910463,0.9179653954284004,0,0,0.4599164044521673,0.0556109649792641,CXCL2
KEGG_2021_Human,Alzheimer disease,2/369,0.8864041924682173,0.9179653954284004,0,0,0.534858117964385,0.0644943863254484,MME;RYR3
KEGG_2021_Human,Human T-cell leukemia virus 1 infection,1/219,0.890644996754936,0.9179653954284004,0,0,0.4513853672029874,0.0522746519698697,STAT5B
KEGG_2021_Human,Human cytomegalovirus infection,1/225,0.8971141839201324,0.918995017674282,0,0,0.4391600861450108,0.0476805458252078,EGFR
KEGG_2021_Human,Coronavirus disease,1/232,0.9041817280923152,0.9206213958758116,0,0,0.425699928212491,0.0428785878681947,EGFR
KEGG_2021_Human,Pathways of neurodegeneration,2/475,0.9528318891883506,0.9643117914677284,0,0,0.4127319708715057,0.0199418850275993,PRNP;RYR3
KEGG_2021_Human,Amyotrophic lateral sclerosis,1/364,0.9750783988975512,0.9809171917053208,0,0,0.2690726359068067,0.006790694304129,NRG2
KEGG_2021_Human,Herpes simplex virus 1 infection,1/498,0.9937065420195442,0.9937065420195442,0,0,0.1951710261569416,0.0012321820750093,ZNF677
GO_Biological_Process_2021,cellular response to growth factor stimulus (GO:0071363),9/158,3.1047256856933085e-05,0.0225401920055344,0,0,6.214519132787519,64.50670921655491,STAT5B;NTRK2;SFRP1;SEMA6A;ANXA1;IBSP;PDE2A;SPRY2;EGFR
GO_Biological_Process_2021,response to estradiol (GO:0032355),5/38,3.65078559882961e-05,0.0225401920055344,0,0,15.35897435897436,156.9377402487027,STAT5B;SFRP1;ANXA1;SSTR1;EGFR
GO_Biological_Process_2021,regulation of sodium ion transmembrane transporter activity (GO:2000649),5/40,4.7089537616019095e-05,0.0225401920055344,0,0,14.47985347985348,144.26943679538044,FXYD1;DMD;SCN3B;SCN4B;SCN2B
GO_Biological_Process_2021,membrane depolarization during action potential (GO:0086010),4/26,0.00012208503690954434,0.0438285282505264,0,0,18.346938775510203,165.32046257631316,SCN3B;SCN3A;SCN4B;SCN2B
GO_Biological_Process_2021,regulation of sodium ion transmembrane transport (GO:1902305),4/28,0.00016460907121433117,0.0472757252527559,0,0,16.816326530612244,146.50278000651662,FXYD1;SCN3B;SCN4B;SCN2B
GO_Biological_Process_2021,cardiac muscle cell action potential (GO:0086001),4/30,0.00021690636844734663,0.0496843314562979,0,0,15.521193092621663,130.93747995826848,DMD;SCN3B;SCN4B;SCN2B
GO_Biological_Process_2021,regulation of cell migration involved in sprouting angiogenesis (GO:0090049),4/32,0.0002802069439193893,0.0496843314562979,0,0,14.411078717201166,117.88236655881762,ANXA1;RHOJ;MEOX2;FGF2
GO_Biological_Process_2021,liver development (GO:0001889),4/32,0.0002802069439193893,0.0496843314562979,0,0,14.411078717201166,117.88236655881762,TGFBR3;ANXA1;MET;AURKA
GO_Biological_Process_2021,positive regulation of cell population proliferation (GO:0008284),14/474,0.0003113920495171878,0.0496843314562979,0,0,3.164562879850397,25.5521295247034,CCL14;NTRK2;TSLP;IL11RA;LIFR;S100B;FGF2;MEIS2;EGFR;AQP1;TGFBR3;SFRP1;PRC1;PDGFD
GO_Biological_Process_2021,cardiac muscle contraction (GO:0060048),4/34,0.0003557732688924604,0.0510890414129573,0,0,13.448979591836734,106.80126422611052,DMD;SCN3B;SCN4B;SCN2B
GO_Biological_Process_2021,gliogenesis (GO:0042063),3/17,0.0006040394207294829,0.0621400969969368,0,0,21.5221174764322,159.51916044937724,ANXA1;RELN;NFIB
GO_Biological_Process_2021,membrane depolarization during cardiac muscle cell action potential (GO:0086012),3/17,0.0006040394207294829,0.0621400969969368,0,0,21.5221174764322,159.51916044937724,SCN3B;SCN4B;SCN2B
GO_Biological_Process_2021,regulation of ion transmembrane transporter activity (GO:0032412),4/39,0.0006068640222899578,0.0621400969969368,0,0,11.524781341107872,85.36642728574833,FXYD1;SCN3B;SCN4B;SCN2B
GO_Biological_Process_2021,regulation of ERK1 and ERK2 cascade (GO:0070372),9/238,0.000677234879712374,0.0621400969969368,0,0,4.027046800338371,29.387343433019165,CCL14;TGFBR3;NTRK2;CCL11;SEMA6A;PDGFD;SPRY2;FGF2;EGFR
GO_Biological_Process_2021,cellular response to glucocorticoid stimulus (GO:0071385),3/18,0.0007195272026923491,0.0621400969969368,0,0,20.086294416243653,145.36282995258424,ANXA1;FAM107A;AQP1
GO_Biological_Process_2021,positive regulation of cell migration involved in sprouting angiogenesis (GO:0090050),3/18,0.0007195272026923491,0.0621400969969368,0,0,20.086294416243653,145.36282995258424,ANXA1;RHOJ;FGF2
GO_Biological_Process_2021,heart contraction (GO:0060047),4/41,0.0007356418168161046,0.0621400969969368,0,0,10.900717043574186,78.64613599642355,DMD;SCN3B;SCN4B;SCN2B
GO_Biological_Process_2021,positive regulation of protein tyrosine kinase activity (GO:0061098),4/42,0.0008067730463282587,0.0641038094029023,0,0,10.613319011815252,75.59302673955138,NTRK2;PRNP;GPRC5B;RELN
GO_Biological_Process_2021,cardiac muscle cell contraction (GO:0086003),3/19,0.0008481701801219675,0.0641038094029023,0,0,18.82994923857868,133.17348392535672,SCN3B;SCN4B;SCN2B
GO_Biological_Process_2021,cellular response to estradiol stimulus (GO:0071392),3/21,0.0011471485105092,0.0823652630545645,0,0,16.736040609137056,113.3109608085056,SFRP1;SSTR1;EGFR
GO_Biological_Process_2021,regulation of mitotic sister chromatid segregation (GO:0033047),2/6,0.0014535707837741,0.090291739379019,0,0,49.98989898989899,326.6206097208578,CCNB1;USP44
GO_Biological_Process_2021,regulation of mitotic spindle checkpoint (GO:1903504),2/6,0.0014535707837741,0.090291739379019,0,0,49.98989898989899,326.6206097208578,CCNB1;USP44
GO_Biological_Process_2021,response to heparin (GO:0071503),2/6,0.0014535707837741,0.090291739379019,0,0,49.98989898989899,326.6206097208578,SFRP1;GPIHBP1
GO_Biological_Process_2021,extracellular structure organization (GO:0043062),8/216,0.001526789894271,0.090291739379019,0,0,3.9246794871794872,25.449928941296296,VIT;MMP11;ADAMTS5;IBSP;COL11A1;COL10A1;FGF2;JAM2
GO_Biological_Process_2021,external encapsulating structure organization (GO:0045229),8/217,0.0015719313958742,0.090291739379019,0,0,3.905701754385965,25.213063277838707,VIT;MMP11;ADAMTS5;IBSP;COL11A1;COL10A1;FGF2;JAM2
GO_Biological_Process_2021,positive regulation of ERK1 and ERK2 cascade (GO:0070374),7/172,0.0017549362593071,0.0943270325250822,0,0,4.316062176165803,27.386807483204308,CCL14;NTRK2;CCL11;PDGFD;SPRY2;FGF2;EGFR
GO_Biological_Process_2021,sodium ion transmembrane transport (GO:0035725),5/87,0.0018102494535835,0.0943270325250822,0,0,6.165728580362726,38.93220216228463,SLC24A2;SCN3B;SCN4B;SCN3A;SCN2B
GO_Biological_Process_2021,regulation of atrial cardiac muscle cell membrane depolarization (GO:0060371),2/7,0.0020216133697869,0.0943270325250822,0,0,39.98989898989899,248.09171029141777,SCN3B;SCN2B
GO_Biological_Process_2021,regulation of lens fiber cell differentiation (GO:1902746),2/7,0.0020216133697869,0.0943270325250822,0,0,39.98989898989899,248.09171029141777,SPRY2;FGF2
GO_Biological_Process_2021,long-term synaptic depression (GO:0060292),2/7,0.0020216133697869,0.0943270325250822,0,0,39.98989898989899,248.09171029141777,SLC24A2;ARF1
GO_Biological_Process_2021,striated muscle contraction (GO:0006941),4/54,0.0020765932331265,0.0943270325250822,0,0,8.061224489795919,49.79439807569174,DMD;SCN3B;SCN4B;SCN2B
GO_Biological_Process_2021,sodium ion transport (GO:0006814),5/90,0.0021019951537622,0.0943270325250822,0,0,5.947209653092006,36.66376433556312,SLC24A2;SCN3B;SCN4B;SCN3A;SCN2B
GO_Biological_Process_2021,"DNA damage response, signal transduction by p53 class mediator resulting in cell cycle arrest (GO:0006977)",4/56,0.0023746314270888,0.1020639175079245,0,0,7.750392464678179,46.83494770645078,CCNB1;PLAGL1;CDK1;AURKA
GO_Biological_Process_2021,collecting duct development (GO:0072044),2/8,0.0026777674677022,0.1020639175079245,0,0,33.323232323232325,197.36590289038227,PTCH1;DACT2
GO_Biological_Process_2021,elastic fiber assembly (GO:0048251),2/8,0.0026777674677022,0.1020639175079245,0,0,33.323232323232325,197.36590289038227,TNXB;MYH11
GO_Biological_Process_2021,mitotic spindle elongation (GO:0000022),2/8,0.0026777674677022,0.1020639175079245,0,0,33.323232323232325,197.36590289038227,RACGAP1;PRC1
GO_Biological_Process_2021,mitotic spindle midzone assembly (GO:0051256),2/8,0.0026777674677022,0.1020639175079245,0,0,33.323232323232325,197.36590289038227,RACGAP1;PRC1
GO_Biological_Process_2021,positive regulation of mitotic cell cycle phase transition (GO:1901992),4/58,0.0027008557557807,0.1020639175079245,0,0,7.462585034013605,44.13512048118966,CCNB1;ANXA1;CDK1;EGFR
GO_Biological_Process_2021,regulation of cell migration (GO:0030334),11/408,0.0027798726071082,0.1023563349694208,0,0,2.844521743766076,16.741006548469173,IGSF10;SFRP1;ANXA1;CCL11;SEMA6A;PDGFD;FAM107A;SPRY2;AMOTL1;FGF2;EGFR
GO_Biological_Process_2021,negative regulation of cell differentiation (GO:0045596),7/191,0.0031592354496745,0.1134165526433148,0,0,3.866636629871593,22.261871276320285,SFRP1;ABCA5;PTCH1;CRIM1;SPRY2;MEIS2;EGFR
GO_Biological_Process_2021,positive regulation of intracellular signal transduction (GO:1902533),13/546,0.0034747906288293,0.1217024229999758,0,0,2.512977696621886,14.229035218217868,KL;NTRK2;PELI2;NRG2;S100B;FGF2;EGFR;NR3C2;GPRC5B;RELN;PDGFD;SPRY2;MET
GO_Biological_Process_2021,cardiac muscle cell action potential involved in contraction (GO:0086002),3/31,0.00360273455,0.1218277778397058,0,0,10.753444525018129,60.49954695168429,SCN3B;SCN4B;SCN2B
GO_Biological_Process_2021,anterior/posterior pattern specification (GO:0009952),4/63,0.0036480462723588,0.1218277778397058,0,0,6.828433068142512,38.33184278744158,HOXA3;HOXA7;HOXA5;HOXA4
GO_Biological_Process_2021,cellular response to organic cyclic compound (GO:0071407),6/150,0.0040354146811987,0.1237675158184801,0,0,4.221649484536083,23.2724600371574,SFRP1;PDE2A;SSTR1;RYR3;EGFR;AQP1
GO_Biological_Process_2021,mitotic G1 DNA damage checkpoint signaling (GO:0031571),4/65,0.0040828180576182,0.1237675158184801,0,0,6.603880896620943,36.32773635617284,CCNB1;PLAGL1;CDK1;AURKA
GO_Biological_Process_2021,regulation of attachment of spindle microtubules to kinetochore (GO:0051988),2/10,0.0042472321345398,0.1237675158184801,0,0,24.98989898989899,136.4820277236255,CCNB1;RACGAP1
GO_Biological_Process_2021,negative regulation of vascular endothelial growth factor signaling pathway (GO:1900747),2/10,0.0042472321345398,0.1237675158184801,0,0,24.98989898989899,136.4820277236255,SEMA6A;SPRY2
GO_Biological_Process_2021,regulation of cholesterol efflux (GO:0010874),3/33,0.0043094538934011,0.1237675158184801,0,0,10.03553299492386,54.6629871343117,ABCA5;PTCH1;ABCA8
GO_Biological_Process_2021,regulation of sprouting angiogenesis (GO:1903670),3/33,0.0043094538934011,0.1237675158184801,0,0,10.03553299492386,54.6629871343117,SEMA6A;RHOJ;FGF2
GO_Biological_Process_2021,positive regulation of cholesterol transport (GO:0032376),3/33,0.0043094538934011,0.1237675158184801,0,0,10.03553299492386,54.6629871343117,ABCA5;PTCH1;ABCA8
GO_Biological_Process_2021,regulation of angiogenesis (GO:0045765),7/203,0.0044102616489716,0.124179131920064,0,0,3.627683197631384,19.675905253493305,SFRP1;SEMA6A;RHOJ;SPRY2;FGF2;HOXA5;AQP1
GO_Biological_Process_2021,cellular response to vascular endothelial growth factor stimulus (GO:0035924),3/34,0.0046920695585813,0.1295733055023606,0,0,9.711314884558703,52.07091984713094,ANXA1;SEMA6A;SPRY2
GO_Biological_Process_2021,regulation of protein kinase B signaling (GO:0051896),7/207,0.0049008795214919,0.1327860942049518,0,0,3.5544041450777204,18.9035318586135,KL;NTRK2;SPRY2;NRG2;FGF2;MET;EGFR
GO_Biological_Process_2021,response to prostaglandin E (GO:0034695),2/11,0.0051570205394645,0.1346451180849296,0,0,22.21212121212121,117.00004466783103,TGFBR3;SFRP1
GO_Biological_Process_2021,somite development (GO:0061053),2/11,0.0051570205394645,0.1346451180849296,0,0,22.21212121212121,117.00004466783103,PTCH1;MEOX2
GO_Biological_Process_2021,positive regulation of protein kinase B signaling (GO:0051897),6/161,0.0056802615073823,0.1429234848076016,0,0,3.919853674758896,20.26861477611288,KL;SPRY2;NRG2;FGF2;MET;EGFR
GO_Biological_Process_2021,negative regulation of multicellular organismal process (GO:0051241),7/214,0.0058569917649155,0.1429234848076016,0,0,3.432980400991214,17.645928327829488,ADAMTS5;SFRP1;NFIB;PTCH1;SPRY2;HOXA7;EGFR
GO_Biological_Process_2021,negative regulation of epithelial cell proliferation (GO:0050680),4/72,0.005877786338127,0.1429234848076016,0,0,5.921968787515006,30.41863718634327,TGFBR3;SFRP1;NFIB;ATOH8
GO_Biological_Process_2021,negative regulation of cellular response to vascular endothelial growth factor stimulus (GO:1902548),2/12,0.0061478754316609,0.1429234848076016,0,0,19.98989898989899,101.78154350719132,SEMA6A;SPRY2
GO_Biological_Process_2021,positive regulation of sodium ion transmembrane transport (GO:1902307),2/12,0.0061478754316609,0.1429234848076016,0,0,19.98989898989899,101.78154350719132,FXYD1;DMD
GO_Biological_Process_2021,mitotic nuclear membrane disassembly (GO:0007077),2/12,0.0061478754316609,0.1429234848076016,0,0,19.98989898989899,101.78154350719132,CCNB1;CDK1
GO_Biological_Process_2021,granulocyte chemotaxis (GO:0071621),4/73,0.0061707911267906,0.1429234848076016,0,0,5.835847382431234,29.692372629986004,CCL14;ANXA1;CCL11;CXCL2
GO_Biological_Process_2021,positive regulation of MAPK cascade (GO:0043410),8/274,0.0064679952560204,0.143011192289251,0,0,3.0598370927318297,15.424299358939855,CCL14;NTRK2;CCL11;PDGFD;PELI2;SPRY2;FGF2;EGFR
GO_Biological_Process_2021,inorganic cation transmembrane transport (GO:0098662),8/274,0.0064679952560204,0.143011192289251,0,0,3.0598370927318297,15.424299358939855,SLC24A2;SLC25A27;SCARA5;SCN3B;SCN3A;SCN4B;RYR3;SCN2B
GO_Biological_Process_2021,"DNA damage response, signal transduction by p53 class mediator (GO:0030330)",4/74,0.0064733478403908,0.143011192289251,0,0,5.752186588921282,28.99137625994184,CCNB1;PLAGL1;CDK1;AURKA
GO_Biological_Process_2021,regulation of heart rate by cardiac conduction (GO:0086091),3/39,0.006909073873999,0.1439610151131687,0,0,8.360406091370558,41.59234877252794,SCN3B;SCN4B;SCN2B
GO_Biological_Process_2021,regulation of protein tyrosine kinase activity (GO:0061097),3/39,0.006909073873999,0.1439610151131687,0,0,8.360406091370558,41.59234877252794,PRNP;GPRC5B;RELN
GO_Biological_Process_2021,response to peptide (GO:1901652),3/39,0.006909073873999,0.1439610151131687,0,0,8.360406091370558,41.59234877252794,PRNP;STAT5B;ANXA1
GO_Biological_Process_2021,regulation of mitotic cell cycle spindle assembly checkpoint (GO:0090266),2/13,0.0072181010363148,0.1439610151131687,0,0,18.171717171717173,89.6077061786221,CCNB1;USP44
GO_Biological_Process_2021,spinal cord development (GO:0021510),2/13,0.0072181010363148,0.1439610151131687,0,0,18.171717171717173,89.6077061786221,VIT;RELN
GO_Biological_Process_2021,positive regulation of sodium ion transport (GO:0010765),2/13,0.0072181010363148,0.1439610151131687,0,0,18.171717171717173,89.6077061786221,SCN3B;SCN4B
GO_Biological_Process_2021,muscle tissue development (GO:0060537),2/13,0.0072181010363148,0.1439610151131687,0,0,18.171717171717173,89.6077061786221,PTCH1;PGM5
GO_Biological_Process_2021,response to growth factor (GO:0070848),3/41,0.0079423435743089,0.1487001689076842,0,0,7.919583222014427,38.29551599382337,STAT5B;SFRP1;IBSP
GO_Biological_Process_2021,negative regulation of fibroblast growth factor receptor signaling pathway (GO:0040037),2/14,0.0083660270881822,0.1487001689076842,0,0,16.656565656565657,79.67795051677446,SPRY2;FGF2
GO_Biological_Process_2021,cellular copper ion homeostasis (GO:0006878),2/14,0.0083660270881822,0.1487001689076842,0,0,16.656565656565657,79.67795051677446,PRNP;ARF1
GO_Biological_Process_2021,cGMP-mediated signaling (GO:0019934),2/14,0.0083660270881822,0.1487001689076842,0,0,16.656565656565657,79.67795051677446,PDE2A;AQP1
GO_Biological_Process_2021,nuclear membrane disassembly (GO:0051081),2/14,0.0083660270881822,0.1487001689076842,0,0,16.656565656565657,79.67795051677446,CCNB1;CDK1
GO_Biological_Process_2021,positive regulation of cardiac muscle cell proliferation (GO:0060045),2/14,0.0083660270881822,0.1487001689076842,0,0,16.656565656565657,79.67795051677446,TGFBR3;FGF2
GO_Biological_Process_2021,response to UV-A (GO:0070141),2/14,0.0083660270881822,0.1487001689076842,0,0,16.656565656565657,79.67795051677446,MME;EGFR
GO_Biological_Process_2021,striated muscle cell development (GO:0055002),2/14,0.0083660270881822,0.1487001689076842,0,0,16.656565656565657,79.67795051677446,LMOD1;PGM5
GO_Biological_Process_2021,calcium ion transmembrane import into cytosol (GO:0097553),3/42,0.0084912352718872,0.1487001689076842,0,0,7.716126513080828,36.79605293636041,SLC24A2;FGF2;RYR3
GO_Biological_Process_2021,monocyte chemotaxis (GO:0002548),3/42,0.0084912352718872,0.1487001689076842,0,0,7.716126513080828,36.79605293636041,CCL14;CCL11;ANXA1
GO_Biological_Process_2021,positive regulation of phospholipase C activity (GO:0010863),3/43,0.0090618828226133,0.1540422601278831,0,0,7.522842639593908,35.3850321555175,NTRK2;FGF2;EGFR
GO_Biological_Process_2021,cellular response to cytokine stimulus (GO:0071345),11/482,0.0094238545931671,0.1540422601278831,0,0,2.388467630505847,11.14103373056055,CCL14;STAT5B;SFRP1;ANXA1;CCL11;MME;IL11RA;PDE2A;LIFR;FGF2;CXCL2
GO_Biological_Process_2021,regulation of endothelial cell chemotaxis (GO:2001026),2/15,0.0095900084936835,0.1540422601278831,0,0,15.374514374514376,71.44588341233826,FGF2;MET
GO_Biological_Process_2021,positive regulation of endothelial cell chemotaxis (GO:2001028),2/15,0.0095900084936835,0.1540422601278831,0,0,15.374514374514376,71.44588341233826,FGF2;MET
GO_Biological_Process_2021,steroid hormone mediated signaling pathway (GO:0043401),2/15,0.0095900084936835,0.1540422601278831,0,0,15.374514374514376,71.44588341233826,CALCOCO1;NR3C2
GO_Biological_Process_2021,myoblast fusion (GO:0007520),2/15,0.0095900084936835,0.1540422601278831,0,0,15.374514374514376,71.44588341233826,ADAMTS5;JAM2
GO_Biological_Process_2021,muscle contraction (GO:0006936),5/129,0.009644413789602,0.1540422601278831,0,0,4.0686517783291976,18.8841443972766,FXYD1;SSPN;LMOD1;MYH11;DMD
GO_Biological_Process_2021,mitotic spindle assembly (GO:0090307),3/44,0.0096544592002155,0.1540422601278831,0,0,7.338987247740498,34.05536215760635,TPX2;RACGAP1;PRC1
GO_Biological_Process_2021,regulation of cytokinesis (GO:0032465),4/84,0.010051872319132,0.1564426703085863,0,0,5.030612244897959,23.14079802223381,RACGAP1;PRC1;CDC14B;AURKA
GO_Biological_Process_2021,regulation of cell population proliferation (GO:0042127),15/764,0.0100581720773044,0.1564426703085863,0,0,2.062317323999567,9.48536008582442,CCL14;STAT5B;NTRK2;TSLP;IL11RA;LIFR;SSTR1;S100B;FGF2;MEIS2;EGFR;SFRP1;PRC1;PDGFD;ALDH1A2
GO_Biological_Process_2021,action potential (GO:0001508),3/45,0.0102691253206439,0.1564426703085863,0,0,7.163886874546773,32.800668633723014,DMD;SCN3B;SCN3A
GO_Biological_Process_2021,regulation of pri-miRNA transcription by RNA polymerase II (GO:1902893),3/45,0.0102691253206439,0.1564426703085863,0,0,7.163886874546773,32.800668633723014,NFIB;ATOH8;FGF2
GO_Biological_Process_2021,positive regulation of cellular process (GO:0048522),13/625,0.0103693368393178,0.1564426703085863,0,0,2.1796162315193457,9.958453414321742,CCL14;NTRK2;TSLP;IL11RA;LIFR;S100B;FGF2;MEIS2;EGFR;SFRP1;IBSP;PRC1;PDGFD
GO_Biological_Process_2021,extracellular matrix organization (GO:0030198),8/300,0.0108465414954892,0.1564426703085863,0,0,2.7836757990867578,12.593096017231982,VIT;MMP11;ADAMTS5;IBSP;COL11A1;COL10A1;FGF2;JAM2
GO_Biological_Process_2021,cellular response to corticosteroid stimulus (GO:0071384),2/16,0.0108884250018907,0.1564426703085863,0,0,14.275613275613276,64.52655688502057,ANXA1;FAM107A
GO_Biological_Process_2021,neural tube development (GO:0021915),2/16,0.0108884250018907,0.1564426703085863,0,0,14.275613275613276,64.52655688502057,PTCH1;ALDH1A2
GO_Biological_Process_2021,neuron projection organization (GO:0106027),2/16,0.0108884250018907,0.1564426703085863,0,0,14.275613275613276,64.52655688502057,PRNP;ARF1
GO_Biological_Process_2021,response to interleukin-1 (GO:0070555),4/86,0.0108943363724642,0.1564426703085863,0,0,4.90741662518666,22.179129424034084,CCL14;SFRP1;ANXA1;CCL11
GO_Biological_Process_2021,positive regulation of inflammatory response (GO:0050729),4/89,0.0122413166965711,0.1645317919280924,0,0,4.733493397358943,20.841280008372543,IL33;GPRC5B;TSLP;PDE2A
GO_Biological_Process_2021,positive regulation of blood vessel endothelial cell migration (GO:0043536),3/48,0.0122470965035044,0.1645317919280924,0,0,6.685279187817259,29.431716933517144,ANXA1;RHOJ;FGF2
GO_Biological_Process_2021,regulation of leukocyte migration (GO:0002685),2/17,0.0122596808748648,0.1645317919280924,0,0,13.323232323232324,58.64139939765107,ANXA1;HOXA7
GO_Biological_Process_2021,copper ion homeostasis (GO:0055070),2/17,0.0122596808748648,0.1645317919280924,0,0,13.323232323232324,58.64139939765107,PRNP;ARF1
GO_Biological_Process_2021,epithelial cell morphogenesis (GO:0003382),2/17,0.0122596808748648,0.1645317919280924,0,0,13.323232323232324,58.64139939765107,DACT2;MET
GO_Biological_Process_2021,positive regulation of cardiac muscle tissue growth (GO:0055023),2/17,0.0122596808748648,0.1645317919280924,0,0,13.323232323232324,58.64139939765107,TGFBR3;FGF2
GO_Biological_Process_2021,negative regulation of amyloid-beta formation (GO:1902430),2/17,0.0122596808748648,0.1645317919280924,0,0,13.323232323232324,58.64139939765107,NTRK2;PRNP
GO_Biological_Process_2021,regulation of intracellular signal transduction (GO:1902531),10/437,0.0128106541324678,0.1703342530946648,0,0,2.387895969431776,10.405204392288162,TPX2;NTRK2;ARHGAP20;RACGAP1;PDE2A;RHOJ;RGN;CDK1;EGFR;AURKA
GO_Biological_Process_2021,regulation of cellular component movement (GO:0051270),3/50,0.0136786260429923,0.1756818371111847,0,0,6.400151204233719,27.468942123223947,TGFBR3;NRG2;EGFR
GO_Biological_Process_2021,regulation of peptidyl-tyrosine phosphorylation (GO:0050730),4/92,0.0136905779124026,0.1756818371111847,0,0,4.571428571428571,19.61621680627398,PRNP;SFRP1;RELN;EGFR
GO_Biological_Process_2021,regulation of membrane depolarization (GO:0003254),2/18,0.0137022045657748,0.1756818371111847,0,0,12.48989898989899,53.58414643474309,SCN3B;SCN2B
GO_Biological_Process_2021,regulation of multicellular organism growth (GO:0040014),2/18,0.0137022045657748,0.1756818371111847,0,0,12.48989898989899,53.58414643474309,STAT5B;PTCH1
GO_Biological_Process_2021,regulation of epithelial cell proliferation (GO:0050678),4/93,0.0141968234235646,0.1776255927231191,0,0,4.519834900252236,19.23070897367363,TGFBR3;SFRP1;FGF2;EGFR
GO_Biological_Process_2021,regulation of smoothened signaling pathway (GO:0008589),3/51,0.0144285702203611,0.1776255927231191,0,0,6.266497461928934,26.5608314530226,TTC23;SFRP1;PTCH1
GO_Biological_Process_2021,negative regulation of programmed cell death (GO:0043069),9/381,0.0147691427848743,0.1776255927231191,0,0,2.4609018746833304,10.373231041294362,SFRP1;ANXA1;TSLP;CDK1;SPRY2;MET;EGFR;AQP1;TNFRSF10D
GO_Biological_Process_2021,negative regulation of protein metabolic process (GO:0051248),3/52,0.0152014163710364,0.1776255927231191,0,0,6.1382989744121,25.69717025640832,PRNP;EDNRB;EGFR
GO_Biological_Process_2021,response to peptide hormone (GO:0043434),3/52,0.0152014163710364,0.1776255927231191,0,0,6.1382989744121,25.69717025640832,TGFBR3;STAT5B;ANXA1
GO_Biological_Process_2021,cellular response to copper ion (GO:0071280),2/19,0.0152144484017713,0.1776255927231191,0,0,11.754604872251932,49.19901329869125,PRNP;AQP1
GO_Biological_Process_2021,cellular response to interleukin-7 (GO:0098761),2/19,0.0152144484017713,0.1776255927231191,0,0,11.754604872251932,49.19901329869125,STAT5B;TSLP
GO_Biological_Process_2021,regulation of vascular endothelial growth factor signaling pathway (GO:1900746),2/19,0.0152144484017713,0.1776255927231191,0,0,11.754604872251932,49.19901329869125,SEMA6A;SPRY2
GO_Biological_Process_2021,positive regulation of leukocyte activation (GO:0002696),2/19,0.0152144484017713,0.1776255927231191,0,0,11.754604872251932,49.19901329869125,IL33;TSLP
GO_Biological_Process_2021,interleukin-7-mediated signaling pathway (GO:0038111),2/19,0.0152144484017713,0.1776255927231191,0,0,11.754604872251932,49.19901329869125,STAT5B;TSLP
GO_Biological_Process_2021,negative regulation of amyloid precursor protein catabolic process (GO:1902992),2/19,0.0152144484017713,0.1776255927231191,0,0,11.754604872251932,49.19901329869125,NTRK2;PRNP
GO_Biological_Process_2021,calcium ion homeostasis (GO:0055074),4/97,0.0163398709129806,0.1867412798897548,0,0,4.324555628703094,17.79185795383184,CCL14;SLC24A2;CCL11;RGN
GO_Biological_Process_2021,regulation of MAP kinase activity (GO:0043405),4/97,0.0163398709129806,0.1867412798897548,0,0,4.324555628703094,17.79185795383184,PDGFD;SPRY2;FGF2;EGFR
GO_Biological_Process_2021,regulation of fibroblast growth factor receptor signaling pathway (GO:0040036),2/20,0.0167948882548689,0.1867412798897548,0,0,11.1010101010101,45.36628383483138,SPRY2;FGF2
GO_Biological_Process_2021,positive regulation of epithelial cell differentiation (GO:0030858),2/20,0.0167948882548689,0.1867412798897548,0,0,11.1010101010101,45.36628383483138,ATOH8;FGF2
GO_Biological_Process_2021,positive regulation of G2/M transition of mitotic cell cycle (GO:0010971),2/20,0.0167948882548689,0.1867412798897548,0,0,11.1010101010101,45.36628383483138,CCNB1;CDK1
GO_Biological_Process_2021,hepaticobiliary system development (GO:0061008),2/20,0.0167948882548689,0.1867412798897548,0,0,11.1010101010101,45.36628383483138,TGFBR3;MET
GO_Biological_Process_2021,positive regulation of defense response (GO:0031349),4/98,0.0169055476223315,0.1867412798897548,0,0,4.278332609639601,17.456082420924414,IL33;GPRC5B;TSLP;PDE2A
GO_Biological_Process_2021,brain development (GO:0007420),5/150,0.0175550930040998,0.192435981327384,0,0,3.475685234305924,14.050148819797528,RELN;NFIB;PTCH1;MEIS2;POU6F1
GO_Biological_Process_2021,negative regulation of signal transduction (GO:0009968),7/267,0.018165728327326,0.1927482807257452,0,0,2.725787166201674,10.925550598481683,SFRP1;SEMA6A;PTCH1;SPRY2;APCDD1;FGF2;EGFR
GO_Biological_Process_2021,regulation of cardiac muscle cell proliferation (GO:0060043),2/21,0.0184420232483939,0.1927482807257452,0,0,10.516214779372676,41.9925427496273,TGFBR3;FGF2
GO_Biological_Process_2021,regulation of ubiquitin protein ligase activity (GO:1904666),2/21,0.0184420232483939,0.1927482807257452,0,0,10.516214779372676,41.9925427496273,USP44;CDC14B
GO_Biological_Process_2021,positive regulation of smoothened signaling pathway (GO:0045880),2/21,0.0184420232483939,0.1927482807257452,0,0,10.516214779372676,41.9925427496273,TTC23;SFRP1
GO_Biological_Process_2021,myotube differentiation (GO:0014902),2/21,0.0184420232483939,0.1927482807257452,0,0,10.516214779372676,41.9925427496273,ADAMTS5;JAM2
GO_Biological_Process_2021,central nervous system development (GO:0007417),7/268,0.0185004893298394,0.1927482807257452,0,0,2.7152045738788635,10.833552474521586,VIT;RELN;NFIB;PTCH1;S100B;MEIS2;POU6F1
GO_Biological_Process_2021,chemokine-mediated signaling pathway (GO:0070098),3/56,0.018523163468073,0.1927482807257452,0,0,5.6738818120869645,22.631601044641528,CCL14;CCL11;CXCL2
GO_Biological_Process_2021,positive regulation of cell cycle process (GO:0090068),4/101,0.018675559558893,0.1929359965940313,0,0,4.145381864085841,16.500856606672546,CCNB1;RACGAP1;CDC14B;AURKA
GO_Biological_Process_2021,regulation of mitotic nuclear division (GO:0007088),3/57,0.0194114444537247,0.1991059588253485,0,0,5.568527918781726,21.95053825283205,CCNB1;USP44;AURKA
GO_Biological_Process_2021,cellular response to organonitrogen compound (GO:0071417),4/103,0.0199170653478517,0.2028433038263487,0,0,4.061224489795919,15.904479460309156,SFRP1;PDE2A;RYR3;AQP1
GO_Biological_Process_2021,negative regulation of myeloid cell differentiation (GO:0045638),2/22,0.0201543754357544,0.2038146698996015,0,0,9.98989898989899,39.00390099361183,MEIS2;HOXA5
GO_Biological_Process_2021,positive regulation of transcription by RNA polymerase II (GO:0045944),16/908,0.0203362728182336,0.2042159983705142,0,0,1.843244297133944,7.180080104413557,STAT5B;IL33;CALCOCO1;THRB;HLF;MEOX2;FGF2;LAGE3;MEIS2;EGFR;NFIB;PLAGL1;ATOH8;HOXA7;MET;HOXA5
GO_Biological_Process_2021,cellular metal ion homeostasis (GO:0006875),4/104,0.0205564585653846,0.2049935729159193,0,0,4.020408163265306,15.617597552926842,CCL14;SLC24A2;CCL11;RGN
GO_Biological_Process_2021,mitotic spindle organization (GO:0007052),5/157,0.0209307895494111,0.2072869916755474,0,0,3.3144399460188936,12.815394808198493,TPX2;CCNB1;PRC1;CENPL;AURKA
GO_Biological_Process_2021,regulation of cell cycle process (GO:0010564),4/106,0.0218728194145835,0.2085072373777349,0,0,3.941176470588236,15.06518858152958,SFRP1;RACGAP1;PRC1;AURKA
GO_Biological_Process_2021,regulation of phosphatidylinositol 3-kinase signaling (GO:0014066),4/106,0.0218728194145835,0.2085072373777349,0,0,3.941176470588236,15.06518858152958,NTRK2;PDGFD;FGF2;EGFR
GO_Biological_Process_2021,negative regulation of G protein-coupled receptor signaling pathway (GO:0045744),2/23,0.02193048949736,0.2085072373777349,0,0,9.513708513708512,36.34120010270031,GPRASP1;MET
GO_Biological_Process_2021,positive regulation of cell cycle G2/M phase transition (GO:1902751),2/23,0.02193048949736,0.2085072373777349,0,0,9.513708513708512,36.34120010270031,CCNB1;CDK1
GO_Biological_Process_2021,positive regulation of cholesterol efflux (GO:0010875),2/23,0.02193048949736,0.2085072373777349,0,0,9.513708513708512,36.34120010270031,PTCH1;ABCA8
GO_Biological_Process_2021,response to copper ion (GO:0046688),2/23,0.02193048949736,0.2085072373777349,0,0,9.513708513708512,36.34120010270031,PRNP;AQP1
GO_Biological_Process_2021,cellular response to chemokine (GO:1990869),3/60,0.0222156039824466,0.2085072373777349,0,0,5.274646005877639,20.080368230600836,CCL14;CCL11;CXCL2
GO_Biological_Process_2021,response to organic cyclic compound (GO:0014070),3/60,0.0222156039824466,0.2085072373777349,0,0,5.274646005877639,20.080368230600836,STAT5B;SFRP1;ANXA1
GO_Biological_Process_2021,cytokine-mediated signaling pathway (GO:0019221),12/621,0.0226644975646841,0.2113390811875739,0,0,2.0114243789959123,7.617174741047222,CCL14;STAT5B;IL33;ARF1;ANXA1;CCL11;TSLP;IL11RA;PELI2;LIFR;FGF2;CXCL2
GO_Biological_Process_2021,negative regulation of synaptic transmission (GO:0050805),2/24,0.0237689324469591,0.2152509201162193,0,0,9.08080808080808,33.956554984338226,SLC24A2;ARF1
GO_Biological_Process_2021,cholesterol efflux (GO:0033344),2/24,0.0237689324469591,0.2152509201162193,0,0,9.08080808080808,33.956554984338226,ABCA5;ABCA8
GO_Biological_Process_2021,dorsal/ventral pattern formation (GO:0009953),2/24,0.0237689324469591,0.2152509201162193,0,0,9.08080808080808,33.956554984338226,SFRP1;PTCH1
GO_Biological_Process_2021,extracellular matrix assembly (GO:0085029),2/24,0.0237689324469591,0.2152509201162193,0,0,9.08080808080808,33.956554984338226,TNXB;MYH11
GO_Biological_Process_2021,lipid transport (GO:0006869),4/109,0.0239421048557141,0.2152509201162193,0,0,3.82798833819242,14.28649905351405,ABCA10;ABCA5;ABCA9;ABCA8
GO_Biological_Process_2021,positive regulation of cell motility (GO:2000147),6/221,0.023983389427991,0.2152509201162193,0,0,2.8173099976024933,10.509675734825342,CCL11;SEMA6A;PDGFD;FAM107A;SPRY2;EGFR
GO_Biological_Process_2021,cellular response to reactive oxygen species (GO:0034614),3/63,0.0252288983054118,0.224754080535115,0,0,5.01015228426396,18.43618393885774,ANXA1;EGFR;AQP1
GO_Biological_Process_2021,cellular divalent inorganic cation homeostasis (GO:0072503),4/111,0.0253853633106351,0.224754080535115,0,0,3.75605569330536,13.798180534058352,CCL14;SLC24A2;CCL11;RGN
GO_Biological_Process_2021,regulation of cholesterol transport (GO:0032374),2/25,0.0256682933201663,0.224754080535115,0,0,8.685551163812033,31.810820468950148,ABCA5;ABCA8
GO_Biological_Process_2021,negative regulation of sequestering of calcium ion (GO:0051283),2/25,0.0256682933201663,0.224754080535115,0,0,8.685551163812033,31.810820468950148,FGF2;RYR3
GO_Biological_Process_2021,regulation of MAPK cascade (GO:0043408),5/166,0.0258581334107288,0.2250441186533736,0,0,3.1277273451186494,11.43225032871561,TGFBR3;NTRK2;PELI2;FGF2;EGFR
GO_Biological_Process_2021,regulation of mitotic metaphase/anaphase transition (GO:0030071),2/26,0.0276271829006745,0.2335334186840653,0,0,8.323232323232324,29.871707121892776,CCNB1;USP44
GO_Biological_Process_2021,endothelial cell development (GO:0001885),2/26,0.0276271829006745,0.2335334186840653,0,0,8.323232323232324,29.871707121892776,PDE2A;MET
GO_Biological_Process_2021,positive regulation of G1/S transition of mitotic cell cycle (GO:1900087),2/26,0.0276271829006745,0.2335334186840653,0,0,8.323232323232324,29.871707121892776,ANXA1;EGFR
GO_Biological_Process_2021,retinoic acid metabolic process (GO:0042573),2/26,0.0276271829006745,0.2335334186840653,0,0,8.323232323232324,29.871707121892776,ADH1C;ALDH1A2
GO_Biological_Process_2021,positive regulation of kinase activity (GO:0033674),4/114,0.0276467139110662,0.2335334186840653,0,0,3.653061224489796,13.108091108377458,NTRK2;RELN;MET;EGFR
GO_Biological_Process_2021,positive regulation of cell cycle (GO:0045787),3/66,0.0284510080327513,0.2389219154095375,0,0,4.7708484408992025,16.982177034654356,CCNB1;MEIS2;EGFR
GO_Biological_Process_2021,dendritic spine organization (GO:0097061),2/27,0.0296442334084981,0.2405034981616011,0,0,7.98989898989899,28.11236101024157,PRNP;ARF1
GO_Biological_Process_2021,regulation of vasculature development (GO:1901342),2/27,0.0296442334084981,0.2405034981616011,0,0,7.98989898989899,28.11236101024157,SFRP1;FGF2
GO_Biological_Process_2021,release of sequestered calcium ion into cytosol (GO:0051209),2/27,0.0296442334084981,0.2405034981616011,0,0,7.98989898989899,28.11236101024157,FGF2;RYR3
GO_Biological_Process_2021,response to glucocorticoid (GO:0051384),2/27,0.0296442334084981,0.2405034981616011,0,0,7.98989898989899,28.11236101024157,ANXA1;FAM107A
GO_Biological_Process_2021,positive regulation of mitotic cell cycle (GO:0045931),2/27,0.0296442334084981,0.2405034981616011,0,0,7.98989898989899,28.11236101024157,CCNB1;MEIS2
GO_Biological_Process_2021,mitotic chromosome condensation (GO:0007076),2/27,0.0296442334084981,0.2405034981616011,0,0,7.98989898989899,28.11236101024157,CCNB1;CDK1
GO_Biological_Process_2021,cellular response to epidermal growth factor stimulus (GO:0071364),2/28,0.0317180982356202,0.2515448031239767,0,0,7.682206682206682,26.51027997028578,STAT5B;EGFR
GO_Biological_Process_2021,regulation of multicellular organismal development (GO:2000026),2/28,0.0317180982356202,0.2515448031239767,0,0,7.682206682206682,26.51027997028578,RACGAP1;CDK1
GO_Biological_Process_2021,regulation of neuron migration (GO:2001222),2/28,0.0317180982356202,0.2515448031239767,0,0,7.682206682206682,26.51027997028578,IGSF10;SEMA6A
GO_Biological_Process_2021,positive regulation of MAP kinase activity (GO:0043406),3/69,0.0318810265797797,0.2515448031239767,0,0,4.553299492385787,15.689505426965288,PDGFD;FGF2;EGFR
GO_Biological_Process_2021,positive regulation of protein polymerization (GO:0032273),3/69,0.0318810265797797,0.2515448031239767,0,0,4.553299492385787,15.689505426965288,CCL11;LMOD1;MET
GO_Biological_Process_2021,regulation of transcription by RNA polymerase II (GO:0006357),31/2206,0.0321301509339837,0.2521251188043748,0,0,1.4864313405427465,5.110292098386404,CALCOCO1;THRB;HLF;TSHZ2;HIF3A;MEOX2;FGF2;LAGE3;EGFR;NR3C2;CCNB1;EDNRB;PLAGL1;ATOH8;HOXA3;HOXA2;HOXA7;HOXA5;HOXA4;STAT5B;IL33;CBX7;PTCH1;PDE2A;MEIS2;POU6F1;NFIB;ID4;CDK1;ZNF677;MET
GO_Biological_Process_2021,neutrophil chemotaxis (GO:0030593),3/70,0.0330703326834923,0.2574352773718449,0,0,4.485112508523373,15.290280888801105,CCL14;CCL11;CXCL2
GO_Biological_Process_2021,positive regulation of protein phosphorylation (GO:0001934),8/371,0.0335116662151078,0.2574352773718449,0,0,2.231060606060606,7.576373163323355,PRNP;NTRK2;RELN;PDGFD;PELI2;SPRY2;FGF2;EGFR
GO_Biological_Process_2021,negative regulation of epithelial to mesenchymal transition (GO:0010719),2/29,0.0338474516440146,0.2574352773718449,0,0,7.397306397306397,25.046477343523872,SFRP1;SPRY2
GO_Biological_Process_2021,glial cell differentiation (GO:0010001),2/29,0.0338474516440146,0.2574352773718449,0,0,7.397306397306397,25.046477343523872,RELN;NFIB
GO_Biological_Process_2021,epithelium development (GO:0060429),4/122,0.0342493059193995,0.2574352773718449,0,0,3.4040124524386024,11.485440902215585,PTCH1;ALDH1A2;CDK1;MEOX2
GO_Biological_Process_2021,regulation of G1/S transition of mitotic cell cycle (GO:2000045),3/71,0.0342825169101805,0.2574352773718449,0,0,4.418931024186325,14.905583581524706,ANXA1;FAM107A;EGFR
GO_Biological_Process_2021,gland development (GO:0048732),3/71,0.0342825169101805,0.2574352773718449,0,0,4.418931024186325,14.905583581524706,TGFBR3;ANXA1;MET
GO_Biological_Process_2021,cellular response to organic substance (GO:0071310),4/123,0.0351336225048488,0.2574352773718449,0,0,3.375235808609158,11.30230349342956,STAT5B;SFRP1;IBSP;MME
GO_Biological_Process_2021,positive regulation of epithelial cell proliferation (GO:0050679),4/123,0.0351336225048488,0.2574352773718449,0,0,3.375235808609158,11.30230349342956,SFRP1;CCL11;FGF2;EGFR
GO_Biological_Process_2021,regulation of long-term synaptic potentiation (GO:1900271),2/30,0.0360309884965366,0.2574352773718449,0,0,7.132756132756133,23.70482996930019,RELN;FAM107A
GO_Biological_Process_2021,maintenance of blood-brain barrier (GO:0035633),2/30,0.0360309884965366,0.2574352773718449,0,0,7.132756132756133,23.70482996930019,DMD;JAM2
GO_Biological_Process_2021,negative regulation of osteoblast differentiation (GO:0045668),2/31,0.0382674239788824,0.2574352773718449,0,0,6.886450714036921,22.47156498788087,PTCH1;CRIM1
GO_Biological_Process_2021,cellular response to cAMP (GO:0071320),2/31,0.0382674239788824,0.2574352773718449,0,0,6.886450714036921,22.47156498788087,PDE2A;AQP1
GO_Biological_Process_2021,embryonic skeletal system morphogenesis (GO:0048704),2/31,0.0382674239788824,0.2574352773718449,0,0,6.886450714036921,22.47156498788087,HOXA3;HOXA4
GO_Biological_Process_2021,activation of phospholipase C activity (GO:0007202),2/32,0.0405554933220173,0.2574352773718449,0,0,6.656565656565657,21.334852328849312,NTRK2;EGFR
GO_Biological_Process_2021,negative regulation of cell-matrix adhesion (GO:0001953),2/32,0.0405554933220173,0.2574352773718449,0,0,6.656565656565657,21.334852328849312,FAM107A;HOXA7
GO_Biological_Process_2021,ERBB2 signaling pathway (GO:0038128),2/32,0.0405554933220173,0.2574352773718449,0,0,6.656565656565657,21.334852328849312,NRG2;EGFR
GO_Biological_Process_2021,membrane depolarization (GO:0051899),2/32,0.0405554933220173,0.2574352773718449,0,0,6.656565656565657,21.334852328849312,SCN3B;SCN3A
GO_Biological_Process_2021,cellular response to hormone stimulus (GO:0032870),3/76,0.0406838872546084,0.2574352773718449,0,0,4.115221472776581,13.17662292356699,STAT5B;SFRP1;THRB
GO_Biological_Process_2021,regulation of mitotic cell cycle phase transition (GO:1901990),5/188,0.0408414521761001,0.2574352773718449,0,0,2.748633879781421,8.790289822400549,TPX2;CCNB1;CDK1;CDC14B;AURKA
GO_Biological_Process_2021,regulation of GTPase activity (GO:0043087),5/189,0.0416249552229583,0.2574352773718449,0,0,2.73355629877369,8.690126930333951,CCL14;NTRK2;SFRP1;CCL11;RGS6
GO_Biological_Process_2021,G2/M transition of mitotic cell cycle (GO:0000086),4/130,0.0416931251530952,0.2574352773718449,0,0,3.186588921282799,10.125128273545416,CCNB1;CDK1;PPP1R12B;AURKA
GO_Biological_Process_2021,neutrophil migration (GO:1990266),3/77,0.0420316296186853,0.2574352773718449,0,0,4.059404582247222,12.865604326296657,CCL14;CCL11;CXCL2
GO_Biological_Process_2021,positive regulation of phosphatidylinositol 3-kinase signaling (GO:0014068),3/77,0.0420316296186853,0.2574352773718449,0,0,4.059404582247222,12.865604326296657,NTRK2;PDGFD;FGF2
GO_Biological_Process_2021,cell cycle G2/M phase transition (GO:0044839),4/131,0.0426830199523465,0.2574352773718449,0,0,3.161336975735176,9.970711706714203,CCNB1;CDK1;PPP1R12B;AURKA
GO_Biological_Process_2021,cellular response to metal ion (GO:0071248),4/131,0.0426830199523465,0.2574352773718449,0,0,3.161336975735176,9.970711706714203,PRNP;RYR3;EGFR;AQP1
GO_Biological_Process_2021,mitotic G2 DNA damage checkpoint signaling (GO:0007095),2/33,0.0428939515536669,0.2574352773718449,0,0,6.4415118931247966,20.28447846195992,CDK1;CDC14B
GO_Biological_Process_2021,muscle cell development (GO:0055001),2/33,0.0428939515536669,0.2574352773718449,0,0,6.4415118931247966,20.28447846195992,DMD;MYH11
GO_Biological_Process_2021,negative regulation of blood vessel morphogenesis (GO:2000181),3/78,0.0434016299293596,0.2574352773718449,0,0,4.00507614213198,12.564958299367063,SEMA6A;SPRY2;HOXA5
GO_Biological_Process_2021,cellular response to oxygen-containing compound (GO:1901701),7/323,0.0442074199468783,0.2574352773718449,0,0,2.2363087820554863,6.974739893711591,SFRP1;PDE2A;SSTR1;CXCL2;RYR3;EGFR;AQP1
GO_Biological_Process_2021,regulation of cell motility (GO:2000145),4/133,0.0447024255395489,0.2574352773718449,0,0,3.1120075937351683,9.671271629689835,AMOTL1;NRG2;FGF2;EGFR
GO_Biological_Process_2021,negative regulation of blood vessel endothelial cell migration (GO:0043537),2/34,0.0452815731960364,0.2574352773718449,0,0,6.23989898989899,19.311583224616665,MEOX2;FGF2
GO_Biological_Process_2021,regulation of amyloid-beta formation (GO:1902003),2/34,0.0452815731960364,0.2574352773718449,0,0,6.23989898989899,19.311583224616665,NTRK2;PRNP
GO_Biological_Process_2021,positive regulation of pri-miRNA transcription by RNA polymerase II (GO:1902895),2/34,0.0452815731960364,0.2574352773718449,0,0,6.23989898989899,19.311583224616665,ATOH8;FGF2
GO_Biological_Process_2021,protein insertion into membrane (GO:0051205),2/34,0.0452815731960364,0.2574352773718449,0,0,6.23989898989899,19.311583224616665,PRNP;EGFR
GO_Biological_Process_2021,positive regulation of peptidyl-tyrosine phosphorylation (GO:0050731),4/134,0.045731924796544,0.2574352773718449,0,0,3.087912087912088,9.526081111423547,PRNP;GPRC5B;RELN;TSLP
GO_Biological_Process_2021,negative regulation of cellular response to growth factor stimulus (GO:0090288),3/80,0.0462079634844281,0.2574352773718449,0,0,3.90065264684554,11.99295882125826,CRIM1;SPRY2;FGF2
GO_Biological_Process_2021,skin development (GO:0043588),3/80,0.0462079634844281,0.2574352773718449,0,0,3.90065264684554,11.99295882125826,ANXA1;DACT2;MET
GO_Biological_Process_2021,negative regulation of protein modification process (GO:0031400),3/81,0.047644064808467,0.2574352773718449,0,0,3.850449043342445,11.720756163276285,PRNP;FXYD1;DMD
GO_Biological_Process_2021,bicarbonate transport (GO:0015701),2/35,0.0477171520360592,0.2574352773718449,0,0,6.05050505050505,18.408446001894514,CA4;AQP1
GO_Biological_Process_2021,negative regulation of Ras protein signal transduction (GO:0046580),2/35,0.0477171520360592,0.2574352773718449,0,0,6.05050505050505,18.408446001894514,SPRY2;MET
GO_Biological_Process_2021,cellular response to hydrogen peroxide (GO:0070301),2/35,0.0477171520360592,0.2574352773718449,0,0,6.05050505050505,18.408446001894514,ANXA1;AQP1
GO_Biological_Process_2021,embryonic skeletal system development (GO:0048706),2/35,0.0477171520360592,0.2574352773718449,0,0,6.05050505050505,18.408446001894514,HOXA3;HOXA4
GO_Biological_Process_2021,positive regulation of cell cycle G1/S phase transition (GO:1902808),2/35,0.0477171520360592,0.2574352773718449,0,0,6.05050505050505,18.408446001894514,ANXA1;EGFR
GO_Biological_Process_2021,semaphorin-plexin signaling pathway (GO:0071526),2/35,0.0477171520360592,0.2574352773718449,0,0,6.05050505050505,18.408446001894514,SEMA6A;MET
GO_Biological_Process_2021,cellular calcium ion homeostasis (GO:0006874),4/136,0.0478304724158974,0.2574352773718449,0,0,3.0408163265306123,9.24436243489024,CCL14;SLC24A2;CCL11;RGN
GO_Biological_Process_2021,organic substance transport (GO:0071702),4/136,0.0478304724158974,0.2574352773718449,0,0,3.0408163265306123,9.24436243489024,ABCA10;ABCA5;ABCA9;ABCA8
GO_Biological_Process_2021,negative regulation of B cell differentiation (GO:0045578),1/5,0.049014519870416,0.2574352773718449,0,0,24.86934673366834,74.99696447567176,SFRP1
GO_Biological_Process_2021,alpha-beta T cell differentiation (GO:0046632),1/5,0.049014519870416,0.2574352773718449,0,0,24.86934673366834,74.99696447567176,ANXA1
GO_Biological_Process_2021,negative regulation of cGMP-mediated signaling (GO:0010754),1/5,0.049014519870416,0.2574352773718449,0,0,24.86934673366834,74.99696447567176,PDE2A
GO_Biological_Process_2021,reelin-mediated signaling pathway (GO:0038026),1/5,0.049014519870416,0.2574352773718449,0,0,24.86934673366834,74.99696447567176,RELN
GO_Biological_Process_2021,negative regulation of keratinocyte differentiation (GO:0045617),1/5,0.049014519870416,0.2574352773718449,0,0,24.86934673366834,74.99696447567176,HOXA7
GO_Biological_Process_2021,carbon dioxide transport (GO:0015670),1/5,0.049014519870416,0.2574352773718449,0,0,24.86934673366834,74.99696447567176,AQP1
GO_Biological_Process_2021,cardiac muscle cell proliferation (GO:0060038),1/5,0.049014519870416,0.2574352773718449,0,0,24.86934673366834,74.99696447567176,TGFBR3
GO_Biological_Process_2021,regulation of chloride transport (GO:2001225),1/5,0.049014519870416,0.2574352773718449,0,0,24.86934673366834,74.99696447567176,PRNP
GO_Biological_Process_2021,negative regulation of myelination (GO:0031642),1/5,0.049014519870416,0.2574352773718449,0,0,24.86934673366834,74.99696447567176,JAM2
GO_Biological_Process_2021,cellular response to brain-derived neurotrophic factor stimulus (GO:1990416),1/5,0.049014519870416,0.2574352773718449,0,0,24.86934673366834,74.99696447567176,NTRK2
GO_Biological_Process_2021,cellular response to cGMP (GO:0071321),1/5,0.049014519870416,0.2574352773718449,0,0,24.86934673366834,74.99696447567176,PDE2A
GO_Biological_Process_2021,cellular response to heparin (GO:0071504),1/5,0.049014519870416,0.2574352773718449,0,0,24.86934673366834,74.99696447567176,SFRP1
GO_Biological_Process_2021,cellular response to macrophage colony-stimulating factor stimulus (GO:0036006),1/5,0.049014519870416,0.2574352773718449,0,0,24.86934673366834,74.99696447567176,PDE2A
GO_Biological_Process_2021,regulation of granulocyte colony-stimulating factor production (GO:0071655),1/5,0.049014519870416,0.2574352773718449,0,0,24.86934673366834,74.99696447567176,TSLP
GO_Biological_Process_2021,regulation of guanyl-nucleotide exchange factor activity (GO:1905097),1/5,0.049014519870416,0.2574352773718449,0,0,24.86934673366834,74.99696447567176,MET
GO_Biological_Process_2021,cellular response to salt stress (GO:0071472),1/5,0.049014519870416,0.2574352773718449,0,0,24.86934673366834,74.99696447567176,AQP1
GO_Biological_Process_2021,cellular response to vitamin (GO:0071295),1/5,0.049014519870416,0.2574352773718449,0,0,24.86934673366834,74.99696447567176,SFRP1
GO_Biological_Process_2021,cellular response to vitamin D (GO:0071305),1/5,0.049014519870416,0.2574352773718449,0,0,24.86934673366834,74.99696447567176,SFRP1
GO_Biological_Process_2021,ciliary neurotrophic factor-mediated signaling pathway (GO:0070120),1/5,0.049014519870416,0.2574352773718449,0,0,24.86934673366834,74.99696447567176,LIFR
GO_Biological_Process_2021,dorsal/ventral axis specification (GO:0009950),1/5,0.049014519870416,0.2574352773718449,0,0,24.86934673366834,74.99696447567176,SFRP1
GO_Biological_Process_2021,phenol-containing compound metabolic process (GO:0018958),1/5,0.049014519870416,0.2574352773718449,0,0,24.86934673366834,74.99696447567176,RNF180
GO_Biological_Process_2021,regulation of protein kinase C activity (GO:1900019),1/5,0.049014519870416,0.2574352773718449,0,0,24.86934673366834,74.99696447567176,EGFR
GO_Biological_Process_2021,endothelin receptor signaling pathway (GO:0086100),1/5,0.049014519870416,0.2574352773718449,0,0,24.86934673366834,74.99696447567176,EDNRB
GO_Biological_Process_2021,positive regulation of AMPA receptor activity (GO:2000969),1/5,0.049014519870416,0.2574352773718449,0,0,24.86934673366834,74.99696447567176,RELN
GO_Biological_Process_2021,positive regulation of attachment of spindle microtubules to kinetochore (GO:0051987),1/5,0.049014519870416,0.2574352773718449,0,0,24.86934673366834,74.99696447567176,CCNB1
GO_Biological_Process_2021,positive regulation of cell fate commitment (GO:0010455),1/5,0.049014519870416,0.2574352773718449,0,0,24.86934673366834,74.99696447567176,FGF2
GO_Biological_Process_2021,response to cGMP (GO:0070305),1/5,0.049014519870416,0.2574352773718449,0,0,24.86934673366834,74.99696447567176,PDE2A
GO_Biological_Process_2021,hematopoietic stem cell migration (GO:0035701),1/5,0.049014519870416,0.2574352773718449,0,0,24.86934673366834,74.99696447567176,JAM2
GO_Biological_Process_2021,response to macrophage colony-stimulating factor (GO:0036005),1/5,0.049014519870416,0.2574352773718449,0,0,24.86934673366834,74.99696447567176,PDE2A
GO_Biological_Process_2021,response to prostaglandin (GO:0034694),1/5,0.049014519870416,0.2574352773718449,0,0,24.86934673366834,74.99696447567176,TGFBR3
GO_Biological_Process_2021,response to salt stress (GO:0009651),1/5,0.049014519870416,0.2574352773718449,0,0,24.86934673366834,74.99696447567176,AQP1
GO_Biological_Process_2021,SA node cell to atrial cardiac muscle cell signaling (GO:0086018),1/5,0.049014519870416,0.2574352773718449,0,0,24.86934673366834,74.99696447567176,SCN3B
GO_Biological_Process_2021,positive regulation of myoblast proliferation (GO:2000288),1/5,0.049014519870416,0.2574352773718449,0,0,24.86934673366834,74.99696447567176,MEIS2
GO_Biological_Process_2021,serotonin metabolic process (GO:0042428),1/5,0.049014519870416,0.2574352773718449,0,0,24.86934673366834,74.99696447567176,RNF180
GO_Biological_Process_2021,positive regulation of prostaglandin biosynthetic process (GO:0031394),1/5,0.049014519870416,0.2574352773718449,0,0,24.86934673366834,74.99696447567176,ANXA1
GO_Biological_Process_2021,striated muscle cell proliferation (GO:0014855),1/5,0.049014519870416,0.2574352773718449,0,0,24.86934673366834,74.99696447567176,TGFBR3
GO_Biological_Process_2021,positive regulation of protein kinase C activity (GO:1900020),1/5,0.049014519870416,0.2574352773718449,0,0,24.86934673366834,74.99696447567176,EGFR
GO_Biological_Process_2021,tight junction organization (GO:0120193),1/5,0.049014519870416,0.2574352773718449,0,0,24.86934673366834,74.99696447567176,CLDN11
GO_Biological_Process_2021,Toll signaling pathway (GO:0008063),1/5,0.049014519870416,0.2574352773718449,0,0,24.86934673366834,74.99696447567176,PELI2
GO_Biological_Process_2021,regulation of embryonic development (GO:0045995),2/36,0.0501995008461569,0.2574352773718449,0,0,5.872251931075461,17.568310863627904,RACGAP1;CDK1
GO_Biological_Process_2021,cyclic-nucleotide-mediated signaling (GO:0019935),2/36,0.0501995008461569,0.2574352773718449,0,0,5.872251931075461,17.568310863627904,PDE2A;AQP1
GO_Biological_Process_2021,regulation of microtubule-based process (GO:0032886),2/36,0.0501995008461569,0.2574352773718449,0,0,5.872251931075461,17.568310863627904,FAM107A;AURKA
GO_Biological_Process_2021,regulation of sodium ion transport (GO:0002028),2/36,0.0501995008461569,0.2574352773718449,0,0,5.872251931075461,17.568310863627904,SCN3B;SCN4B
GO_Biological_Process_2021,positive regulation of response to external stimulus (GO:0032103),4/139,0.0510769764470063,0.2574352773718449,0,0,2.9727891156462585,8.842327688335232,IL33;GPRC5B;TSLP;PDE2A
GO_Biological_Process_2021,anaphase-promoting complex-dependent catabolic process (GO:0031145),3/84,0.0520826238943719,0.2574352773718449,0,0,3.707275803722504,10.954717877625804,CCNB1;CDK1;AURKA
GO_Biological_Process_2021,enzyme linked receptor protein signaling pathway (GO:0007167),4/140,0.0521853956667059,0.2574352773718449,0,0,2.95078031212485,8.713514393945305,NTRK2;LIFR;MET;EGFR
GO_Biological_Process_2021,generation of neurons (GO:0048699),5/202,0.0526389669229051,0.2574352773718449,0,0,2.551477287517897,7.512311050176698,NTRK2;RELN;RACGAP1;ATOH8;MET
GO_Biological_Process_2021,regulation of erythrocyte differentiation (GO:0045646),2/37,0.0527274511453542,0.2574352773718449,0,0,5.704184704184704,16.785242657704043,STAT5B;HOXA5
GO_Biological_Process_2021,positive regulation of cytokinesis (GO:0032467),2/37,0.0527274511453542,0.2574352773718449,0,0,5.704184704184704,16.785242657704043,RACGAP1;CDC14B
GO_Biological_Process_2021,positive regulation of myeloid cell differentiation (GO:0045639),2/37,0.0527274511453542,0.2574352773718449,0,0,5.704184704184704,16.785242657704043,STAT5B;HOXA5
GO_Biological_Process_2021,regulation of small GTPase mediated signal transduction (GO:0051056),4/141,0.0533069082548428,0.2574352773718449,0,0,2.929092805005214,8.58719016819202,ARHGAP20;RELN;RACGAP1;RHOJ
GO_Biological_Process_2021,regulation of cell cycle G2/M phase transition (GO:1902749),3/85,0.0536051258792773,0.2574352773718449,0,0,3.661879410672279,10.71506409870918,TPX2;CDK1;AURKA
GO_Biological_Process_2021,positive regulation of cell migration (GO:0030335),6/269,0.0537677087332,0.2574352773718449,0,0,2.2974795186390184,6.715721489088856,CCL11;SEMA6A;PDGFD;FAM107A;SPRY2;EGFR
GO_Biological_Process_2021,positive regulation of endothelial cell migration (GO:0010595),3/86,0.055148891178145,0.2574352773718449,0,0,3.617576906611216,10.482720030479646,ATOH8;FGF2;MET
GO_Biological_Process_2021,response to cAMP (GO:0051591),2/38,0.0552998529270401,0.2574352773718449,0,0,5.545454545454546,16.054007893661755,PDE2A;AQP1
GO_Biological_Process_2021,ventricular septum development (GO:0003281),2/38,0.0552998529270401,0.2574352773718449,0,0,5.545454545454546,16.054007893661755,TGFBR3;PDE2A
GO_Biological_Process_2021,negative regulation of apoptotic process (GO:0043066),9/485,0.055522521691208,0.2574352773718449,0,0,1.9129306172730876,5.53021841611281,NTRK2;SFRP1;ANXA1;TSLP;CDK1;SPRY2;EGFR;AQP1;TNFRSF10D
GO_Biological_Process_2021,regulation of inflammatory response (GO:0050727),5/206,0.0563388151548581,0.2574352773718449,0,0,2.5001913509376195,7.19147926394311,IL33;GPRC5B;ANXA1;TSLP;PDE2A
GO_Biological_Process_2021,negative regulation of angiogenesis (GO:0016525),3/87,0.0567137775073644,0.2574352773718449,0,0,3.574329224075417,10.257388785645556,SEMA6A;SPRY2;HOXA5
GO_Biological_Process_2021,cellular response to ketone (GO:1901655),2/39,0.0579155744332589,0.2574352773718449,0,0,5.395304395304395,15.369975594462096,SFRP1;AQP1
GO_Biological_Process_2021,protein repair (GO:0030091),1/6,0.0585267307609904,0.2574352773718449,0,0,19.894472361809044,56.46591775214154,MSRB3
GO_Biological_Process_2021,negative regulation of erythrocyte differentiation (GO:0045647),1/6,0.0585267307609904,0.2574352773718449,0,0,19.894472361809044,56.46591775214154,HOXA5
GO_Biological_Process_2021,regulation of anion channel activity (GO:0010359),1/6,0.0585267307609904,0.2574352773718449,0,0,19.894472361809044,56.46591775214154,PRNP
GO_Biological_Process_2021,negative regulation of fibroblast migration (GO:0010764),1/6,0.0585267307609904,0.2574352773718449,0,0,19.894472361809044,56.46591775214154,FGF2
GO_Biological_Process_2021,negative regulation of lens fiber cell differentiation (GO:1902747),1/6,0.0585267307609904,0.2574352773718449,0,0,19.894472361809044,56.46591775214154,SPRY2
GO_Biological_Process_2021,cellular hyperosmotic response (GO:0071474),1/6,0.0585267307609904,0.2574352773718449,0,0,19.894472361809044,56.46591775214154,AQP1
GO_Biological_Process_2021,regulation of glutamate receptor signaling pathway (GO:1900449),1/6,0.0585267307609904,0.2574352773718449,0,0,19.894472361809044,56.46591775214154,PRNP
GO_Biological_Process_2021,cellular response to magnesium ion (GO:0071286),1/6,0.0585267307609904,0.2574352773718449,0,0,19.894472361809044,56.46591775214154,RYR3
GO_Biological_Process_2021,cellular water homeostasis (GO:0009992),1/6,0.0585267307609904,0.2574352773718449,0,0,19.894472361809044,56.46591775214154,AQP1
GO_Biological_Process_2021,cerebral cortex cell migration (GO:0021795),1/6,0.0585267307609904,0.2574352773718449,0,0,19.894472361809044,56.46591775214154,RELN
GO_Biological_Process_2021,neuroblast proliferation (GO:0007405),1/6,0.0585267307609904,0.2574352773718449,0,0,19.894472361809044,56.46591775214154,RACGAP1
GO_Biological_Process_2021,regulation of macrophage proliferation (GO:0120040),1/6,0.0585267307609904,0.2574352773718449,0,0,19.894472361809044,56.46591775214154,IL33
GO_Biological_Process_2021,regulation of nitric oxide mediated signal transduction (GO:0010749),1/6,0.0585267307609904,0.2574352773718449,0,0,19.894472361809044,56.46591775214154,EGFR
GO_Biological_Process_2021,regulation of peptidyl-cysteine S-nitrosylation (GO:2000169),1/6,0.0585267307609904,0.2574352773718449,0,0,19.894472361809044,56.46591775214154,DMD
GO_Biological_Process_2021,regulation of saliva secretion (GO:0046877),1/6,0.0585267307609904,0.2574352773718449,0,0,19.894472361809044,56.46591775214154,AQP1
GO_Biological_Process_2021,regulation of ventricular cardiac muscle cell membrane depolarization (GO:0060373),1/6,0.0585267307609904,0.2574352773718449,0,0,19.894472361809044,56.46591775214154,SCN3B
GO_Biological_Process_2021,positive regulation of extrinsic apoptotic signaling pathway via death domain receptors (GO:1902043),1/6,0.0585267307609904,0.2574352773718449,0,0,19.894472361809044,56.46591775214154,SFRP1
GO_Biological_Process_2021,response to gonadotropin (GO:0034698),1/6,0.0585267307609904,0.2574352773718449,0,0,19.894472361809044,56.46591775214154,TGFBR3
GO_Biological_Process_2021,hepatocyte differentiation (GO:0070365),1/6,0.0585267307609904,0.2574352773718449,0,0,19.894472361809044,56.46591775214154,ANXA1
GO_Biological_Process_2021,positive regulation of lipoprotein particle clearance (GO:0010986),1/6,0.0585267307609904,0.2574352773718449,0,0,19.894472361809044,56.46591775214154,GPIHBP1
GO_Biological_Process_2021,positive regulation of non-membrane spanning protein tyrosine kinase activity (GO:1903997),1/6,0.0585267307609904,0.2574352773718449,0,0,19.894472361809044,56.46591775214154,NTRK2
GO_Biological_Process_2021,taurine metabolic process (GO:0019530),1/6,0.0585267307609904,0.2574352773718449,0,0,19.894472361809044,56.46591775214154,STAT5B
GO_Biological_Process_2021,metanephric collecting duct development (GO:0072205),1/6,0.0585267307609904,0.2574352773718449,0,0,19.894472361809044,56.46591775214154,PTCH1
GO_Biological_Process_2021,ventricular compact myocardium morphogenesis (GO:0003223),1/6,0.0585267307609904,0.2574352773718449,0,0,19.894472361809044,56.46591775214154,TGFBR3
GO_Biological_Process_2021,protein K27-linked ubiquitination (GO:0044314),1/6,0.0585267307609904,0.2574352773718449,0,0,19.894472361809044,56.46591775214154,UBE2T
GO_Biological_Process_2021,protein K29-linked ubiquitination (GO:0035519),1/6,0.0585267307609904,0.2574352773718449,0,0,19.894472361809044,56.46591775214154,UBE2T
GO_Biological_Process_2021,negative regulation of amyloid precursor protein biosynthetic process (GO:0042985),1/6,0.0585267307609904,0.2574352773718449,0,0,19.894472361809044,56.46591775214154,ITM2A
GO_Biological_Process_2021,regulation of endothelial cell migration (GO:0010594),3/89,0.0599063264776533,0.2574352773718449,0,0,3.490851139180734,9.82665226973149,RHOJ;ATOH8;FGF2
GO_Biological_Process_2021,negative regulation of ERBB signaling pathway (GO:1901185),2/40,0.0605735018773766,0.2574352773718449,0,0,5.253056884635832,14.729034349424168,SPRY2;EGFR
GO_Biological_Process_2021,detection of chemical stimulus involved in sensory perception of bitter taste (GO:0001580),2/40,0.0605735018773766,0.2574352773718449,0,0,5.253056884635832,14.729034349424168,CST1;CST4
GO_Biological_Process_2021,lymphocyte migration (GO:0072676),2/40,0.0605735018773766,0.2574352773718449,0,0,5.253056884635832,14.729034349424168,CCL14;CCL11
GO_Biological_Process_2021,regulation of G2/M transition of mitotic cell cycle (GO:0010389),4/149,0.0627473419326677,0.2574352773718449,0,0,2.7663617171006334,7.659057108220177,TPX2;CCNB1;CDK1;AURKA
GO_Biological_Process_2021,positive regulation of hydrolase activity (GO:0051345),4/149,0.0627473419326677,0.2574352773718449,0,0,2.7663617171006334,7.659057108220177,CCL14;SFRP1;CCL11;RGS6
GO_Biological_Process_2021,positive regulation of supramolecular fiber organization (GO:1902905),3/91,0.063181565752201,0.2574352773718449,0,0,3.411167512690356,9.420766981809484,CCL11;LMOD1;MET
GO_Biological_Process_2021,sensory perception of bitter taste (GO:0050913),2/41,0.0632725392250683,0.2574352773718449,0,0,5.118104118104118,14.127522570834804,CST1;CST4
GO_Biological_Process_2021,visual system development (GO:0150063),2/41,0.0632725392250683,0.2574352773718449,0,0,5.118104118104118,14.127522570834804,MAB21L1;MEIS2
GO_Biological_Process_2021,response to cytokine (GO:0034097),4/150,0.0639854868678937,0.2574352773718449,0,0,2.74727425216662,7.552528869212002,ANXA1;MME;ALDH1A2;LIFR
GO_Biological_Process_2021,regulation of endothelial cell proliferation (GO:0001936),3/92,0.0648498030509546,0.2574352773718449,0,0,3.3726686819141047,9.226546999073705,CCL11;ATOH8;FGF2
GO_Biological_Process_2021,cellular response to fibroblast growth factor stimulus (GO:0044344),3/92,0.0648498030509546,0.2574352773718449,0,0,3.3726686819141047,9.226546999073705,KL;SFRP1;FGF2
GO_Biological_Process_2021,retinoid metabolic process (GO:0001523),3/92,0.0648498030509546,0.2574352773718449,0,0,3.3726686819141047,9.226546999073705,ADH1C;ALDH1A2;GPIHBP1
GO_Biological_Process_2021,regulation of chemokine production (GO:0032642),2/42,0.0660116079502312,0.2574352773718449,0,0,4.98989898989899,13.5621695873434,IL33;TSLP
GO_Biological_Process_2021,skeletal system morphogenesis (GO:0048705),2/42,0.0660116079502312,0.2574352773718449,0,0,4.98989898989899,13.5621695873434,HOXA3;HOXA4
GO_Biological_Process_2021,negative regulation of protein phosphorylation (GO:0001933),4/152,0.0665001173925767,0.2574352773718449,0,0,2.709873138444567,7.345250879126401,PRNP;SFRP1;SPRY2;DMD
GO_Biological_Process_2021,negative regulation of cardiocyte differentiation (GO:1905208),1/7,0.0679442688885301,0.2574352773718449,0,0,16.57788944723618,44.57906348265406,EGFR
GO_Biological_Process_2021,adenylate cyclase-activating dopamine receptor signaling pathway (GO:0007191),1/7,0.0679442688885301,0.2574352773718449,0,0,16.57788944723618,44.57906348265406,GNAL
GO_Biological_Process_2021,ammonium transport (GO:0015696),1/7,0.0679442688885301,0.2574352773718449,0,0,16.57788944723618,44.57906348265406,AQP1
GO_Biological_Process_2021,negative regulation of epidermal cell differentiation (GO:0045605),1/7,0.0679442688885301,0.2574352773718449,0,0,16.57788944723618,44.57906348265406,HOXA7
GO_Biological_Process_2021,AV node cell action potential (GO:0086016),1/7,0.0679442688885301,0.2574352773718449,0,0,16.57788944723618,44.57906348265406,SCN4B
GO_Biological_Process_2021,regulation of bone remodeling (GO:0046850),1/7,0.0679442688885301,0.2574352773718449,0,0,16.57788944723618,44.57906348265406,SFRP1
GO_Biological_Process_2021,regulation of cardiac muscle cell membrane potential (GO:0086036),1/7,0.0679442688885301,0.2574352773718449,0,0,16.57788944723618,44.57906348265406,FXYD1
GO_Biological_Process_2021,negative regulation of lymphocyte differentiation (GO:0045620),1/7,0.0679442688885301,0.2574352773718449,0,0,16.57788944723618,44.57906348265406,SFRP1
GO_Biological_Process_2021,regulation of cGMP-mediated signaling (GO:0010752),1/7,0.0679442688885301,0.2574352773718449,0,0,16.57788944723618,44.57906348265406,PDE2A
GO_Biological_Process_2021,cardiolipin acyl-chain remodeling (GO:0035965),1/7,0.0679442688885301,0.2574352773718449,0,0,16.57788944723618,44.57906348265406,PLA2G4A
GO_Biological_Process_2021,negative regulation of nervous system process (GO:0031645),1/7,0.0679442688885301,0.2574352773718449,0,0,16.57788944723618,44.57906348265406,JAM2
GO_Biological_Process_2021,Cdc42 protein signal transduction (GO:0032488),1/7,0.0679442688885301,0.2574352773718449,0,0,16.57788944723618,44.57906348265406,RHOJ
GO_Biological_Process_2021,regulation of endothelial cell chemotaxis to fibroblast growth factor (GO:2000544),1/7,0.0679442688885301,0.2574352773718449,0,0,16.57788944723618,44.57906348265406,FGF2
GO_Biological_Process_2021,cellular response to caffeine (GO:0071313),1/7,0.0679442688885301,0.2574352773718449,0,0,16.57788944723618,44.57906348265406,RYR3
GO_Biological_Process_2021,regulation of glial cell differentiation (GO:0045685),1/7,0.0679442688885301,0.2574352773718449,0,0,16.57788944723618,44.57906348265406,CDK1
GO_Biological_Process_2021,cellular response to prostaglandin E stimulus (GO:0071380),1/7,0.0679442688885301,0.2574352773718449,0,0,16.57788944723618,44.57906348265406,SFRP1
GO_Biological_Process_2021,negative regulation of type 2 immune response (GO:0002829),1/7,0.0679442688885301,0.2574352773718449,0,0,16.57788944723618,44.57906348265406,ANXA1
GO_Biological_Process_2021,norepinephrine metabolic process (GO:0042415),1/7,0.0679442688885301,0.2574352773718449,0,0,16.57788944723618,44.57906348265406,RNF180
GO_Biological_Process_2021,definitive hemopoiesis (GO:0060216),1/7,0.0679442688885301,0.2574352773718449,0,0,16.57788944723618,44.57906348265406,TGFBR3
GO_Biological_Process_2021,regulation of non-membrane spanning protein tyrosine kinase activity (GO:1903995),1/7,0.0679442688885301,0.2574352773718449,0,0,16.57788944723618,44.57906348265406,NTRK2
GO_Biological_Process_2021,regulation of prostaglandin biosynthetic process (GO:0031392),1/7,0.0679442688885301,0.2574352773718449,0,0,16.57788944723618,44.57906348265406,ANXA1
GO_Biological_Process_2021,endothelial cell morphogenesis (GO:0001886),1/7,0.0679442688885301,0.2574352773718449,0,0,16.57788944723618,44.57906348265406,MET
GO_Biological_Process_2021,regulation of skeletal muscle contraction (GO:0014819),1/7,0.0679442688885301,0.2574352773718449,0,0,16.57788944723618,44.57906348265406,DMD
GO_Biological_Process_2021,regulation of skeletal muscle satellite cell proliferation (GO:0014842),1/7,0.0679442688885301,0.2574352773718449,0,0,16.57788944723618,44.57906348265406,FGF2
GO_Biological_Process_2021,flavin-containing compound metabolic process (GO:0042726),1/7,0.0679442688885301,0.2574352773718449,0,0,16.57788944723618,44.57906348265406,FLAD1
GO_Biological_Process_2021,regulation of T-helper 1 cell differentiation (GO:0045625),1/7,0.0679442688885301,0.2574352773718449,0,0,16.57788944723618,44.57906348265406,ANXA1
GO_Biological_Process_2021,positive regulation of cilium movement (GO:0003353),1/7,0.0679442688885301,0.2574352773718449,0,0,16.57788944723618,44.57906348265406,TACR1
GO_Biological_Process_2021,positive regulation of cilium-dependent cell motility (GO:2000155),1/7,0.0679442688885301,0.2574352773718449,0,0,16.57788944723618,44.57906348265406,TACR1
GO_Biological_Process_2021,glycerol transport (GO:0015793),1/7,0.0679442688885301,0.2574352773718449,0,0,16.57788944723618,44.57906348265406,AQP1
GO_Biological_Process_2021,positive regulation of epithelial tube formation (GO:1905278),1/7,0.0679442688885301,0.2574352773718449,0,0,16.57788944723618,44.57906348265406,FGF2
GO_Biological_Process_2021,positive regulation of fibroblast apoptotic process (GO:2000271),1/7,0.0679442688885301,0.2574352773718449,0,0,16.57788944723618,44.57906348265406,SFRP1
GO_Biological_Process_2021,Golgi disassembly (GO:0090166),1/7,0.0679442688885301,0.2574352773718449,0,0,16.57788944723618,44.57906348265406,CDK1
GO_Biological_Process_2021,positive regulation of flagellated sperm motility (GO:1902093),1/7,0.0679442688885301,0.2574352773718449,0,0,16.57788944723618,44.57906348265406,TACR1
GO_Biological_Process_2021,response to caffeine (GO:0031000),1/7,0.0679442688885301,0.2574352773718449,0,0,16.57788944723618,44.57906348265406,RYR3
GO_Biological_Process_2021,heart trabecula formation (GO:0060347),1/7,0.0679442688885301,0.2574352773718449,0,0,16.57788944723618,44.57906348265406,TGFBR3
GO_Biological_Process_2021,positive regulation of interleukin-5 production (GO:0032754),1/7,0.0679442688885301,0.2574352773718449,0,0,16.57788944723618,44.57906348265406,TSLP
GO_Biological_Process_2021,hyperosmotic response (GO:0006972),1/7,0.0679442688885301,0.2574352773718449,0,0,16.57788944723618,44.57906348265406,AQP1
GO_Biological_Process_2021,riboflavin metabolic process (GO:0006771),1/7,0.0679442688885301,0.2574352773718449,0,0,16.57788944723618,44.57906348265406,FLAD1
GO_Biological_Process_2021,positive regulation of mast cell activation (GO:0033005),1/7,0.0679442688885301,0.2574352773718449,0,0,16.57788944723618,44.57906348265406,TSLP
GO_Biological_Process_2021,SA node cell action potential (GO:0086015),1/7,0.0679442688885301,0.2574352773718449,0,0,16.57788944723618,44.57906348265406,SCN3B
GO_Biological_Process_2021,tachykinin receptor signaling pathway (GO:0007217),1/7,0.0679442688885301,0.2574352773718449,0,0,16.57788944723618,44.57906348265406,TACR1
GO_Biological_Process_2021,tRNA threonylcarbamoyladenosine metabolic process (GO:0070525),1/7,0.0679442688885301,0.2574352773718449,0,0,16.57788944723618,44.57906348265406,LAGE3
GO_Biological_Process_2021,positive regulation of unsaturated fatty acid biosynthetic process (GO:2001280),1/7,0.0679442688885301,0.2574352773718449,0,0,16.57788944723618,44.57906348265406,ANXA1
GO_Biological_Process_2021,positive regulation of vesicle fusion (GO:0031340),1/7,0.0679442688885301,0.2574352773718449,0,0,16.57788944723618,44.57906348265406,ANXA1
GO_Biological_Process_2021,vitamin A metabolic process (GO:0006776),1/7,0.0679442688885301,0.2574352773718449,0,0,16.57788944723618,44.57906348265406,ALDH1A2
GO_Biological_Process_2021,monoacylglycerol biosynthetic process (GO:0006640),1/7,0.0679442688885301,0.2574352773718449,0,0,16.57788944723618,44.57906348265406,PLA2G4A
GO_Biological_Process_2021,regulation of kinase activity (GO:0043549),3/94,0.0682467043328599,0.2579007037420709,0,0,3.298209404808389,8.854459164365215,NTRK2;MET;EGFR
GO_Biological_Process_2021,negative regulation of proteolysis (GO:0045861),2/43,0.0687896467784887,0.2585914470521201,0,0,4.867947770386794,13.030045670347697,PRNP;CST4
GO_Biological_Process_2021,myofibril assembly (GO:0030239),2/43,0.0687896467784887,0.2585914470521201,0,0,4.867947770386794,13.030045670347697,LMOD1;PGM5
GO_Biological_Process_2021,positive regulation of protein kinase activity (GO:0045860),4/154,0.0690655992936023,0.2589509153671355,0,0,2.673469387755102,7.14537765353487,PRNP;TPX2;GPRC5B;RELN
GO_Biological_Process_2021,cellular response to lipid (GO:0071396),5/219,0.0693733962808714,0.2594275965086755,0,0,2.346752935537982,6.261727800385959,SFRP1;SSTR1;CXCL2;EGFR;AQP1
GO_Biological_Process_2021,cellular response to interleukin-1 (GO:0071347),4/155,0.0703673025895698,0.2620720605880998,0,0,2.655629139072848,7.0481103099362015,CCL14;SFRP1;CCL11;PELI2
GO_Biological_Process_2021,negative regulation of epidermal growth factor receptor signaling pathway (GO:0042059),2/44,0.0716056114889121,0.2620720605880998,0,0,4.751803751803752,12.52851945708889,SPRY2;EGFR
GO_Biological_Process_2021,branching morphogenesis of an epithelial tube (GO:0048754),2/44,0.0716056114889121,0.2620720605880998,0,0,4.751803751803752,12.52851945708889,FGF2;MET
GO_Biological_Process_2021,detection of chemical stimulus involved in sensory perception of taste (GO:0050912),2/44,0.0716056114889121,0.2620720605880998,0,0,4.751803751803752,12.52851945708889,CST1;CST4
GO_Biological_Process_2021,embryonic organ morphogenesis (GO:0048562),2/44,0.0716056114889121,0.2620720605880998,0,0,4.751803751803752,12.52851945708889,HOXA3;HOXA4
GO_Biological_Process_2021,positive regulation of cell division (GO:0051781),2/44,0.0716056114889121,0.2620720605880998,0,0,4.751803751803752,12.52851945708889,RACGAP1;CDC14B
GO_Biological_Process_2021,intracellular steroid hormone receptor signaling pathway (GO:0030518),2/44,0.0716056114889121,0.2620720605880998,0,0,4.751803751803752,12.52851945708889,CALCOCO1;NR3C2
GO_Biological_Process_2021,lymphocyte chemotaxis (GO:0048247),2/44,0.0716056114889121,0.2620720605880998,0,0,4.751803751803752,12.52851945708889,CCL14;CCL11
GO_Biological_Process_2021,cellular transition metal ion homeostasis (GO:0046916),3/96,0.0717230639353225,0.2620720605880998,0,0,3.2269526772556083,8.502836079014903,PRNP;ARF1;SCARA5
GO_Biological_Process_2021,chromosome condensation (GO:0030261),2/45,0.0744584746361064,0.2632005109747846,0,0,4.641061780596664,12.055221541075596,CCNB1;CDK1
GO_Biological_Process_2021,positive regulation of chemotaxis (GO:0050921),2/45,0.0744584746361064,0.2632005109747846,0,0,4.641061780596664,12.055221541075596,FGF2;MET
GO_Biological_Process_2021,mitotic G2/M transition checkpoint (GO:0044818),2/45,0.0744584746361064,0.2632005109747846,0,0,4.641061780596664,12.055221541075596,CDK1;CDC14B
GO_Biological_Process_2021,regulation of peptidyl-serine phosphorylation (GO:0033135),3/98,0.0752775128137596,0.2632005109747846,0,0,3.158696232968208,8.170200992229566,SPRY2;DMD;EGFR
GO_Biological_Process_2021,alpha-beta T cell activation (GO:0046631),1/8,0.0772680713380291,0.2632005109747846,0,0,14.208901651112706,36.38152974515558,ANXA1
GO_Biological_Process_2021,atrial cardiac muscle cell to AV node cell signaling (GO:0086026),1/8,0.0772680713380291,0.2632005109747846,0,0,14.208901651112706,36.38152974515558,SCN3B
GO_Biological_Process_2021,negative regulation of long-term synaptic potentiation (GO:1900272),1/8,0.0772680713380291,0.2632005109747846,0,0,14.208901651112706,36.38152974515558,FAM107A
GO_Biological_Process_2021,negative regulation of osteoblast proliferation (GO:0033689),1/8,0.0772680713380291,0.2632005109747846,0,0,14.208901651112706,36.38152974515558,SFRP1
GO_Biological_Process_2021,regulation of dendritic spine maintenance (GO:1902950),1/8,0.0772680713380291,0.2632005109747846,0,0,14.208901651112706,36.38152974515558,PRNP
GO_Biological_Process_2021,negative regulation of phospholipase activity (GO:0010519),1/8,0.0772680713380291,0.2632005109747846,0,0,14.208901651112706,36.38152974515558,ANXA1
GO_Biological_Process_2021,cellular response to UV-B (GO:0071493),1/8,0.0772680713380291,0.2632005109747846,0,0,14.208901651112706,36.38152974515558,MME
GO_Biological_Process_2021,commissural neuron axon guidance (GO:0071679),1/8,0.0772680713380291,0.2632005109747846,0,0,14.208901651112706,36.38152974515558,NFIB
GO_Biological_Process_2021,coronary vasculature morphogenesis (GO:0060977),1/8,0.0772680713380291,0.2632005109747846,0,0,14.208901651112706,36.38152974515558,TGFBR3
GO_Biological_Process_2021,dendritic spine maintenance (GO:0097062),1/8,0.0772680713380291,0.2632005109747846,0,0,14.208901651112706,36.38152974515558,PRNP
GO_Biological_Process_2021,regulation of phospholipase A2 activity (GO:0032429),1/8,0.0772680713380291,0.2632005109747846,0,0,14.208901651112706,36.38152974515558,ANXA1
GO_Biological_Process_2021,platelet activating factor metabolic process (GO:0046469),1/8,0.0772680713380291,0.2632005109747846,0,0,14.208901651112706,36.38152974515558,PLA2G4A
GO_Biological_Process_2021,entry of bacterium into host cell (GO:0035635),1/8,0.0772680713380291,0.2632005109747846,0,0,14.208901651112706,36.38152974515558,MET
GO_Biological_Process_2021,regulation of T-helper 2 cell differentiation (GO:0045628),1/8,0.0772680713380291,0.2632005109747846,0,0,14.208901651112706,36.38152974515558,ANXA1
GO_Biological_Process_2021,positive regulation of chromosome segregation (GO:0051984),1/8,0.0772680713380291,0.2632005109747846,0,0,14.208901651112706,36.38152974515558,CCNB1
GO_Biological_Process_2021,positive regulation of lipoprotein lipase activity (GO:0051006),1/8,0.0772680713380291,0.2632005109747846,0,0,14.208901651112706,36.38152974515558,GPIHBP1
GO_Biological_Process_2021,positive regulation of myeloid cell apoptotic process (GO:0033034),1/8,0.0772680713380291,0.2632005109747846,0,0,14.208901651112706,36.38152974515558,ANXA1
GO_Biological_Process_2021,skeletal muscle tissue regeneration (GO:0043403),1/8,0.0772680713380291,0.2632005109747846,0,0,14.208901651112706,36.38152974515558,ANXA1
GO_Biological_Process_2021,skeletal myofibril assembly (GO:0014866),1/8,0.0772680713380291,0.2632005109747846,0,0,14.208901651112706,36.38152974515558,MYH11
GO_Biological_Process_2021,leukocyte aggregation (GO:0070486),1/8,0.0772680713380291,0.2632005109747846,0,0,14.208901651112706,36.38152974515558,JAM2
GO_Biological_Process_2021,vascular associated smooth muscle contraction (GO:0014829),1/8,0.0772680713380291,0.2632005109747846,0,0,14.208901651112706,36.38152974515558,EDNRB
GO_Biological_Process_2021,postsynapse organization (GO:0099173),1/8,0.0772680713380291,0.2632005109747846,0,0,14.208901651112706,36.38152974515558,ARF1
GO_Biological_Process_2021,water homeostasis (GO:0030104),1/8,0.0772680713380291,0.2632005109747846,0,0,14.208901651112706,36.38152974515558,AQP1
GO_Biological_Process_2021,myoblast migration (GO:0051451),1/8,0.0772680713380291,0.2632005109747846,0,0,14.208901651112706,36.38152974515558,ANXA1
GO_Biological_Process_2021,regulation of fibroblast proliferation (GO:0048145),2/46,0.0773472253700272,0.2632005109747846,0,0,4.535353535353536,11.608013208044897,SFRP1;AQP1
GO_Biological_Process_2021,regulation of wound healing (GO:0061041),2/47,0.0802708691611082,0.2694417762651908,0,0,4.434343434343434,11.184959505346583,ANXA1;FGF2
GO_Biological_Process_2021,nervous system development (GO:0007399),8/447,0.080790953731339,0.2694417762651908,0,0,1.8376044039483677,4.623211055610531,EDNRB;RELN;SEMA6A;ALDH1A2;CRIM1;S100B;FGF2;MET
GO_Biological_Process_2021,inflammatory response (GO:0006954),5/230,0.0815976190134733,0.2694417762651908,0,0,2.230769230769231,5.590207745356376,CCL14;ANXA1;CCL11;TACR1;CXCL2
GO_Biological_Process_2021,calcium-mediated signaling (GO:0019722),3/102,0.0826150134639867,0.2694417762651908,0,0,3.030456852791878,7.5566376689451715,PRNP;EDNRB;EGFR
GO_Biological_Process_2021,mitotic sister chromatid segregation (GO:0000070),3/102,0.0826150134639867,0.2694417762651908,0,0,3.030456852791878,7.5566376689451715,CCNB1;PRC1;CDK1
GO_Biological_Process_2021,negative regulation of transcription by RNA polymerase II (GO:0000122),11/684,0.0828761747621638,0.2694417762651908,0,0,1.6541034772832692,4.119391962761683,IL33;CBX7;EDNRB;THRB;NFIB;PTCH1;PDE2A;ID4;HOXA7;MEIS2;POU6F1
GO_Biological_Process_2021,cellular response to alcohol (GO:0097306),2/48,0.0832284276217124,0.2694417762651908,0,0,4.337725076855512,10.784305954054672,SFRP1;PTCH1
GO_Biological_Process_2021,regulation of interleukin-2 production (GO:0032663),2/48,0.0832284276217124,0.2694417762651908,0,0,4.337725076855512,10.784305954054672,PRNP;ANXA1
GO_Biological_Process_2021,cognition (GO:0050890),2/48,0.0832284276217124,0.2694417762651908,0,0,4.337725076855512,10.784305954054672,FAM107A;SOBP
GO_Biological_Process_2021,inositol phosphate metabolic process (GO:0043647),2/48,0.0832284276217124,0.2694417762651908,0,0,4.337725076855512,10.784305954054672,INPP1;FGF2
GO_Biological_Process_2021,MAPK cascade (GO:0000165),6/303,0.0844036390740071,0.2694417762651908,0,0,2.0309278350515463,5.020747608039883,KL;CDK1;NRG2;FGF2;MET;EGFR
GO_Biological_Process_2021,"positive regulation of transcription, DNA-templated (GO:0045893)",17/1183,0.0847694999402121,0.2694417762651908,0,0,1.4845860397979174,3.663690335978352,STAT5B;IL33;CALCOCO1;THRB;HLF;MEOX2;FGF2;LAGE3;MEIS2;EGFR;SFRP1;NFIB;PLAGL1;ATOH8;HOXA7;MET;HOXA5
GO_Biological_Process_2021,negative regulation of cell projection organization (GO:0031345),2/49,0.0862189382580095,0.2694417762651908,0,0,4.24521813883516,10.404458354124063,PRNP;SPRY2
GO_Biological_Process_2021,cellular response to mechanical stimulus (GO:0071260),2/49,0.0862189382580095,0.2694417762651908,0,0,4.24521813883516,10.404458354124063,PDE2A;AQP1
GO_Biological_Process_2021,positive regulation of actin filament polymerization (GO:0030838),2/49,0.0862189382580095,0.2694417762651908,0,0,4.24521813883516,10.404458354124063,CCL11;LMOD1
GO_Biological_Process_2021,regulation of stress-activated MAPK cascade (GO:0032872),2/49,0.0862189382580095,0.2694417762651908,0,0,4.24521813883516,10.404458354124063,TGFBR3;EGFR
GO_Biological_Process_2021,response to hydrogen peroxide (GO:0042542),2/49,0.0862189382580095,0.2694417762651908,0,0,4.24521813883516,10.404458354124063,ANXA1;AQP1
GO_Biological_Process_2021,androgen biosynthetic process (GO:0006702),1/9,0.0864990660572792,0.2694417762651908,0,0,12.4321608040201,30.429226090981548,HSD17B6
GO_Biological_Process_2021,negative regulation of exocytosis (GO:0045920),1/9,0.0864990660572792,0.2694417762651908,0,0,12.4321608040201,30.429226090981548,ANXA1
GO_Biological_Process_2021,negative regulation of glycoprotein biosynthetic process (GO:0010561),1/9,0.0864990660572792,0.2694417762651908,0,0,12.4321608040201,30.429226090981548,ITM2A
GO_Biological_Process_2021,negative regulation of leukocyte proliferation (GO:0070664),1/9,0.0864990660572792,0.2694417762651908,0,0,12.4321608040201,30.429226090981548,IL33
GO_Biological_Process_2021,regulation of endothelial cell differentiation (GO:0045601),1/9,0.0864990660572792,0.2694417762651908,0,0,12.4321608040201,30.429226090981548,ATOH8
GO_Biological_Process_2021,regulation of fibroblast apoptotic process (GO:2000269),1/9,0.0864990660572792,0.2694417762651908,0,0,12.4321608040201,30.429226090981548,SFRP1
GO_Biological_Process_2021,cellular response to interleukin-9 (GO:0071355),1/9,0.0864990660572792,0.2694417762651908,0,0,12.4321608040201,30.429226090981548,STAT5B
GO_Biological_Process_2021,cellular response to nitric oxide (GO:0071732),1/9,0.0864990660572792,0.2694417762651908,0,0,12.4321608040201,30.429226090981548,AQP1
GO_Biological_Process_2021,cellular response to reactive nitrogen species (GO:1902170),1/9,0.0864990660572792,0.2694417762651908,0,0,12.4321608040201,30.429226090981548,AQP1
GO_Biological_Process_2021,negative regulation of ubiquitin protein ligase activity (GO:1904667),1/9,0.0864990660572792,0.2694417762651908,0,0,12.4321608040201,30.429226090981548,USP44
GO_Biological_Process_2021,chylomicron remodeling (GO:0034371),1/9,0.0864990660572792,0.2694417762651908,0,0,12.4321608040201,30.429226090981548,GPIHBP1
GO_Biological_Process_2021,one-carbon compound transport (GO:0019755),1/9,0.0864990660572792,0.2694417762651908,0,0,12.4321608040201,30.429226090981548,AQP1
GO_Biological_Process_2021,detection of mechanical stimulus involved in sensory perception of sound (GO:0050910),1/9,0.0864990660572792,0.2694417762651908,0,0,12.4321608040201,30.429226090981548,COL11A1
GO_Biological_Process_2021,regulation of vesicle fusion (GO:0031338),1/9,0.0864990660572792,0.2694417762651908,0,0,12.4321608040201,30.429226090981548,ANXA1
GO_Biological_Process_2021,response to magnesium ion (GO:0032026),1/9,0.0864990660572792,0.2694417762651908,0,0,12.4321608040201,30.429226090981548,RYR3
GO_Biological_Process_2021,response to vitamin D (GO:0033280),1/9,0.0864990660572792,0.2694417762651908,0,0,12.4321608040201,30.429226090981548,SFRP1
GO_Biological_Process_2021,positive regulation of macrophage cytokine production (GO:0060907),1/9,0.0864990660572792,0.2694417762651908,0,0,12.4321608040201,30.429226090981548,GPRC5B
GO_Biological_Process_2021,interleukin-9-mediated signaling pathway (GO:0038113),1/9,0.0864990660572792,0.2694417762651908,0,0,12.4321608040201,30.429226090981548,STAT5B
GO_Biological_Process_2021,L-ascorbic acid metabolic process (GO:0019852),1/9,0.0864990660572792,0.2694417762651908,0,0,12.4321608040201,30.429226090981548,RGN
GO_Biological_Process_2021,positive regulation of synapse maturation (GO:0090129),1/9,0.0864990660572792,0.2694417762651908,0,0,12.4321608040201,30.429226090981548,RELN
GO_Biological_Process_2021,positive regulation of triglyceride lipase activity (GO:0061365),1/9,0.0864990660572792,0.2694417762651908,0,0,12.4321608040201,30.429226090981548,GPIHBP1
GO_Biological_Process_2021,protein K6-linked ubiquitination (GO:0085020),1/9,0.0864990660572792,0.2694417762651908,0,0,12.4321608040201,30.429226090981548,UBE2T
GO_Biological_Process_2021,negative regulation of ERK1 and ERK2 cascade (GO:0070373),2/50,0.0892414542606553,0.276186914479097,0,0,4.156565656565657,10.043965211617904,SEMA6A;SPRY2
GO_Biological_Process_2021,neuron migration (GO:0001764),2/50,0.0892414542606553,0.276186914479097,0,0,4.156565656565657,10.043965211617904,NTRK2;RELN
GO_Biological_Process_2021,positive regulation of ion transport (GO:0043270),2/50,0.0892414542606553,0.276186914479097,0,0,4.156565656565657,10.043965211617904,SCN3B;SCN4B
GO_Biological_Process_2021,positive regulation of protein serine/threonine kinase activity (GO:0071902),3/106,0.090247543166112,0.2786999397559934,0,0,2.912177812823419,7.004366885624175,PDGFD;FGF2;EGFR
GO_Biological_Process_2021,positive regulation of macromolecule metabolic process (GO:0010604),7/384,0.0916278769497704,0.2802783981083874,0,0,1.86859718805404,4.465984128352616,IL33;NTRK2;CALCOCO1;PDE2A;SPRY2;FGF2;HOXA5
GO_Biological_Process_2021,cholesterol transport (GO:0030301),2/51,0.0922950442929787,0.2802783981083874,0,0,4.071531642960214,9.7015024039535,ABCA5;ABCA8
GO_Biological_Process_2021,sensory perception (GO:0007600),2/51,0.0922950442929787,0.2802783981083874,0,0,4.071531642960214,9.7015024039535,GNAL;MME
GO_Biological_Process_2021,mitotic nuclear membrane organization (GO:0101024),2/51,0.0922950442929787,0.2802783981083874,0,0,4.071531642960214,9.7015024039535,CCNB1;CDK1
GO_Biological_Process_2021,mitotic nuclear membrane reassembly (GO:0007084),2/51,0.0922950442929787,0.2802783981083874,0,0,4.071531642960214,9.7015024039535,CCNB1;CDK1
GO_Biological_Process_2021,ameboidal-type cell migration (GO:0001667),2/52,0.0953787922697506,0.2802783981083874,0,0,3.98989898989899,9.375859760148904,SEMA6A;AMOTL1
GO_Biological_Process_2021,amide biosynthetic process (GO:0043604),2/52,0.0953787922697506,0.2802783981083874,0,0,3.98989898989899,9.375859760148904,DMD;ABCA8
GO_Biological_Process_2021,cartilage development (GO:0051216),2/52,0.0953787922697506,0.2802783981083874,0,0,3.98989898989899,9.375859760148904,NFIB;FGF2
GO_Biological_Process_2021,protein homotetramerization (GO:0051289),2/52,0.0953787922697506,0.2802783981083874,0,0,3.98989898989899,9.375859760148904,ALDH1A2;RYR3
GO_Biological_Process_2021,negative regulation of cAMP-mediated signaling (GO:0043951),1/10,0.0956381720564831,0.2802783981083874,0,0,11.050251256281408,25.93696464958489,PDE2A
GO_Biological_Process_2021,arachidonate transport (GO:1903963),1/10,0.0956381720564831,0.2802783981083874,0,0,11.050251256281408,25.93696464958489,ANXA1
GO_Biological_Process_2021,arachidonic acid secretion (GO:0050482),1/10,0.0956381720564831,0.2802783981083874,0,0,11.050251256281408,25.93696464958489,ANXA1
GO_Biological_Process_2021,negative regulation of leukocyte migration (GO:0002686),1/10,0.0956381720564831,0.2802783981083874,0,0,11.050251256281408,25.93696464958489,HOXA7
GO_Biological_Process_2021,cellular response to prostaglandin stimulus (GO:0071379),1/10,0.0956381720564831,0.2802783981083874,0,0,11.050251256281408,25.93696464958489,SFRP1
GO_Biological_Process_2021,cellular response to purine-containing compound (GO:0071415),1/10,0.0956381720564831,0.2802783981083874,0,0,11.050251256281408,25.93696464958489,RYR3
GO_Biological_Process_2021,neuron projection maintenance (GO:1990535),1/10,0.0956381720564831,0.2802783981083874,0,0,11.050251256281408,25.93696464958489,PRNP
GO_Biological_Process_2021,regulation of mast cell activation (GO:0033003),1/10,0.0956381720564831,0.2802783981083874,0,0,11.050251256281408,25.93696464958489,TSLP
GO_Biological_Process_2021,phosphatidylcholine catabolic process (GO:0034638),1/10,0.0956381720564831,0.2802783981083874,0,0,11.050251256281408,25.93696464958489,PLA2G4A
GO_Biological_Process_2021,ether lipid biosynthetic process (GO:0008611),1/10,0.0956381720564831,0.2802783981083874,0,0,11.050251256281408,25.93696464958489,PLA2G4A
GO_Biological_Process_2021,positive regulation of cell activation (GO:0050867),1/10,0.0956381720564831,0.2802783981083874,0,0,11.050251256281408,25.93696464958489,PLA2G4A
GO_Biological_Process_2021,positive regulation of dendritic spine morphogenesis (GO:0061003),1/10,0.0956381720564831,0.2802783981083874,0,0,11.050251256281408,25.93696464958489,RELN
GO_Biological_Process_2021,granulocyte migration (GO:0097530),1/10,0.0956381720564831,0.2802783981083874,0,0,11.050251256281408,25.93696464958489,ANXA1
GO_Biological_Process_2021,hematopoietic stem cell differentiation (GO:0060218),1/10,0.0956381720564831,0.2802783981083874,0,0,11.050251256281408,25.93696464958489,SFRP1
GO_Biological_Process_2021,iron ion transmembrane transport (GO:0034755),1/10,0.0956381720564831,0.2802783981083874,0,0,11.050251256281408,25.93696464958489,SCARA5
GO_Biological_Process_2021,smooth muscle tissue development (GO:0048745),1/10,0.0956381720564831,0.2802783981083874,0,0,11.050251256281408,25.93696464958489,PTCH1
GO_Biological_Process_2021,cation transport (GO:0006812),4/174,0.0974299028392381,0.2849477402793196,0,0,2.3565426170468187,5.487497228916007,SCN3B;SCN3A;SCN4B;AQP1
GO_Biological_Process_2021,response to tumor necrosis factor (GO:0034612),3/110,0.0981629721395125,0.2850298111399991,0,0,2.8027420655628825,6.505518041671875,CCL14;SFRP1;CCL11
GO_Biological_Process_2021,positive regulation of chemokine production (GO:0032722),2/53,0.0984917971521169,0.2850298111399991,0,0,3.9114676173499694,9.065929283683165,IL33;TSLP
GO_Biological_Process_2021,positive regulation of NIK/NF-kappaB signaling (GO:1901224),2/53,0.0984917971521169,0.2850298111399991,0,0,3.9114676173499694,9.065929283683165,EGFR;NR3C2
GO_Biological_Process_2021,regulation of focal adhesion assembly (GO:0051893),2/54,0.1016331727713355,0.2850298111399991,0,0,3.836052836052836,8.77069478933889,SFRP1;FAM107A
GO_Biological_Process_2021,nuclear membrane reassembly (GO:0031468),2/54,0.1016331727713355,0.2850298111399991,0,0,3.836052836052836,8.77069478933889,CCNB1;CDK1
GO_Biological_Process_2021,inorganic anion transport (GO:0015698),2/54,0.1016331727713355,0.2850298111399991,0,0,3.836052836052836,8.77069478933889,RACGAP1;FXYD1
GO_Biological_Process_2021,phosphatidylinositol metabolic process (GO:0046488),3/112,0.1022228778109617,0.2850298111399991,0,0,2.751036184976482,6.27401249877334,ARF1;PLA2G4A;FGF2
GO_Biological_Process_2021,regulation of mitotic cell cycle (GO:0007346),4/178,0.1036693890276315,0.2850298111399991,0,0,2.3019000703729766,5.217367910182412,CCNB1;CDK1;MEIS2;TTC28
GO_Biological_Process_2021,negative regulation of bone remodeling (GO:0046851),1/11,0.1046862992439068,0.2850298111399991,0,0,9.944723618090451,22.4431232477853,SFRP1
GO_Biological_Process_2021,regulation of amyloid precursor protein biosynthetic process (GO:0042984),1/11,0.1046862992439068,0.2850298111399991,0,0,9.944723618090451,22.4431232477853,ITM2A
GO_Biological_Process_2021,negative regulation of interleukin-17 production (GO:0032700),1/11,0.1046862992439068,0.2850298111399991,0,0,9.944723618090451,22.4431232477853,PRNP
GO_Biological_Process_2021,negative regulation of protein maturation (GO:1903318),1/11,0.1046862992439068,0.2850298111399991,0,0,9.944723618090451,22.4431232477853,PRNP
GO_Biological_Process_2021,cellular response to cholesterol (GO:0071397),1/11,0.1046862992439068,0.2850298111399991,0,0,9.944723618090451,22.4431232477853,PTCH1
GO_Biological_Process_2021,cellular response to interleukin-2 (GO:0071352),1/11,0.1046862992439068,0.2850298111399991,0,0,9.944723618090451,22.4431232477853,STAT5B
GO_Biological_Process_2021,negative regulation of sprouting angiogenesis (GO:1903671),1/11,0.1046862992439068,0.2850298111399991,0,0,9.944723618090451,22.4431232477853,SEMA6A
GO_Biological_Process_2021,negative regulation of T-helper cell differentiation (GO:0045623),1/11,0.1046862992439068,0.2850298111399991,0,0,9.944723618090451,22.4431232477853,ANXA1
GO_Biological_Process_2021,cellular response to UV-A (GO:0071492),1/11,0.1046862992439068,0.2850298111399991,0,0,9.944723618090451,22.4431232477853,MME
GO_Biological_Process_2021,regulation of lymphocyte migration (GO:2000401),1/11,0.1046862992439068,0.2850298111399991,0,0,9.944723618090451,22.4431232477853,JAM2
GO_Biological_Process_2021,phosphorylated carbohydrate dephosphorylation (GO:0046838),1/11,0.1046862992439068,0.2850298111399991,0,0,9.944723618090451,22.4431232477853,INPP1
GO_Biological_Process_2021,enteric nervous system development (GO:0048484),1/11,0.1046862992439068,0.2850298111399991,0,0,9.944723618090451,22.4431232477853,EDNRB
GO_Biological_Process_2021,positive regulation by host of viral process (GO:0044794),1/11,0.1046862992439068,0.2850298111399991,0,0,9.944723618090451,22.4431232477853,ZNF502
GO_Biological_Process_2021,regulation of synapse maturation (GO:0090128),1/11,0.1046862992439068,0.2850298111399991,0,0,9.944723618090451,22.4431232477853,RELN
GO_Biological_Process_2021,Golgi inheritance (GO:0048313),1/11,0.1046862992439068,0.2850298111399991,0,0,9.944723618090451,22.4431232477853,CDK1
GO_Biological_Process_2021,positive regulation of interleukin-13 production (GO:0032736),1/11,0.1046862992439068,0.2850298111399991,0,0,9.944723618090451,22.4431232477853,TSLP
GO_Biological_Process_2021,positive regulation of leukocyte apoptotic process (GO:2000108),1/11,0.1046862992439068,0.2850298111399991,0,0,9.944723618090451,22.4431232477853,ANXA1
GO_Biological_Process_2021,inositol phosphate biosynthetic process (GO:0032958),1/11,0.1046862992439068,0.2850298111399991,0,0,9.944723618090451,22.4431232477853,FGF2
GO_Biological_Process_2021,inositol phosphate dephosphorylation (GO:0046855),1/11,0.1046862992439068,0.2850298111399991,0,0,9.944723618090451,22.4431232477853,INPP1
GO_Biological_Process_2021,interleukin-2-mediated signaling pathway (GO:0038110),1/11,0.1046862992439068,0.2850298111399991,0,0,9.944723618090451,22.4431232477853,STAT5B
GO_Biological_Process_2021,positive regulation of nitric-oxide synthase biosynthetic process (GO:0051770),1/11,0.1046862992439068,0.2850298111399991,0,0,9.944723618090451,22.4431232477853,IL33
GO_Biological_Process_2021,positive regulation of non-canonical Wnt signaling pathway (GO:2000052),1/11,0.1046862992439068,0.2850298111399991,0,0,9.944723618090451,22.4431232477853,SFRP1
GO_Biological_Process_2021,sphingomyelin metabolic process (GO:0006684),1/11,0.1046862992439068,0.2850298111399991,0,0,9.944723618090451,22.4431232477853,ABCA8
GO_Biological_Process_2021,positive regulation of production of miRNAs involved in gene silencing by miRNA (GO:1903800),1/11,0.1046862992439068,0.2850298111399991,0,0,9.944723618090451,22.4431232477853,EGFR
GO_Biological_Process_2021,positive regulation of viral release from host cell (GO:1902188),1/11,0.1046862992439068,0.2850298111399991,0,0,9.944723618090451,22.4431232477853,ZNF502
GO_Biological_Process_2021,vasoconstriction (GO:0042310),1/11,0.1046862992439068,0.2850298111399991,0,0,9.944723618090451,22.4431232477853,EDNRB
GO_Biological_Process_2021,negative regulation of activated T cell proliferation (GO:0046007),1/11,0.1046862992439068,0.2850298111399991,0,0,9.944723618090451,22.4431232477853,PRNP
GO_Biological_Process_2021,negative regulation of activin receptor signaling pathway (GO:0032926),1/11,0.1046862992439068,0.2850298111399991,0,0,9.944723618090451,22.4431232477853,DACT2
GO_Biological_Process_2021,regulation of cardiac conduction (GO:1903779),2/55,0.1048020475500832,0.2850298111399991,0,0,3.763483895559368,8.489222766072233,FXYD1;RYR3
GO_Biological_Process_2021,cellular response to transforming growth factor beta stimulus (GO:0071560),3/114,0.1063487931507688,0.2886897296115388,0,0,2.7011935793661683,6.0534587787747896,TGFBR3;SFRP1;PDE2A
GO_Biological_Process_2021,peptidyl-tyrosine modification (GO:0018212),2/56,0.1079975643594305,0.291937897569293,0,0,3.6936026936026938,8.220654292796869,RELN;EGFR
GO_Biological_Process_2021,sensory organ development (GO:0007423),2/56,0.1079975643594305,0.291937897569293,0,0,3.6936026936026938,8.220654292796869,MAB21L1;MEIS2
GO_Biological_Process_2021,positive regulation of phosphorylation (GO:0042327),5/253,0.110575804108396,0.291937897569293,0,0,2.021505376344086,4.45146396602035,NTRK2;PELI2;FGF2;MET;EGFR
GO_Biological_Process_2021,positive regulation of gene expression (GO:0010628),8/482,0.1116105974556198,0.291937897569293,0,0,1.6988396624472577,3.725112448524693,IL33;NTRK2;CALCOCO1;PDE2A;SPRY2;FGF2;HOXA5;EGFR
GO_Biological_Process_2021,negative regulation of calcineurin-mediated signaling (GO:0106057),1/12,0.1136443487055952,0.291937897569293,0,0,9.040201005025123,19.659557478207127,PRNP
GO_Biological_Process_2021,negative regulation of calcineurin-NFAT signaling cascade (GO:0070885),1/12,0.1136443487055952,0.291937897569293,0,0,9.040201005025123,19.659557478207127,PRNP
GO_Biological_Process_2021,angiotensin maturation (GO:0002003),1/12,0.1136443487055952,0.291937897569293,0,0,9.040201005025123,19.659557478207127,MME
GO_Biological_Process_2021,regulation of actin nucleation (GO:0051125),1/12,0.1136443487055952,0.291937897569293,0,0,9.040201005025123,19.659557478207127,ARF1
GO_Biological_Process_2021,regulation of amyloid precursor protein catabolic process (GO:1902991),1/12,0.1136443487055952,0.291937897569293,0,0,9.040201005025123,19.659557478207127,PRNP
GO_Biological_Process_2021,regulation of angiotensin levels in blood (GO:0002002),1/12,0.1136443487055952,0.291937897569293,0,0,9.040201005025123,19.659557478207127,MME
GO_Biological_Process_2021,regulation of flagellated sperm motility (GO:1901317),1/12,0.1136443487055952,0.291937897569293,0,0,9.040201005025123,19.659557478207127,TACR1
GO_Biological_Process_2021,cellular response to thyroid hormone stimulus (GO:0097067),1/12,0.1136443487055952,0.291937897569293,0,0,9.040201005025123,19.659557478207127,THRB
GO_Biological_Process_2021,negative regulation of vascular permeability (GO:0043116),1/12,0.1136443487055952,0.291937897569293,0,0,9.040201005025123,19.659557478207127,PDE2A
GO_Biological_Process_2021,cGMP metabolic process (GO:0046068),1/12,0.1136443487055952,0.291937897569293,0,0,9.040201005025123,19.659557478207127,PDE2A
GO_Biological_Process_2021,organic hydroxy compound catabolic process (GO:1901616),1/12,0.1136443487055952,0.291937897569293,0,0,9.040201005025123,19.659557478207127,HSD17B6
GO_Biological_Process_2021,regulation of muscle system process (GO:0090257),1/12,0.1136443487055952,0.291937897569293,0,0,9.040201005025123,19.659557478207127,PPP1R12B
GO_Biological_Process_2021,phasic smooth muscle contraction (GO:0014821),1/12,0.1136443487055952,0.291937897569293,0,0,9.040201005025123,19.659557478207127,EDNRB
GO_Biological_Process_2021,polyol transport (GO:0015791),1/12,0.1136443487055952,0.291937897569293,0,0,9.040201005025123,19.659557478207127,AQP1
GO_Biological_Process_2021,ethanol oxidation (GO:0006069),1/12,0.1136443487055952,0.291937897569293,0,0,9.040201005025123,19.659557478207127,ADH1C
GO_Biological_Process_2021,gas transport (GO:0015669),1/12,0.1136443487055952,0.291937897569293,0,0,9.040201005025123,19.659557478207127,AQP1
GO_Biological_Process_2021,replicative senescence (GO:0090399),1/12,0.1136443487055952,0.291937897569293,0,0,9.040201005025123,19.659557478207127,MME
GO_Biological_Process_2021,inositol phosphate catabolic process (GO:0071545),1/12,0.1136443487055952,0.291937897569293,0,0,9.040201005025123,19.659557478207127,INPP1
GO_Biological_Process_2021,positive regulation of neuroinflammatory response (GO:0150078),1/12,0.1136443487055952,0.291937897569293,0,0,9.040201005025123,19.659557478207127,IL33
GO_Biological_Process_2021,smooth muscle cell differentiation (GO:0051145),1/12,0.1136443487055952,0.291937897569293,0,0,9.040201005025123,19.659557478207127,EDNRB
GO_Biological_Process_2021,macrophage chemotaxis (GO:0048246),1/12,0.1136443487055952,0.291937897569293,0,0,9.040201005025123,19.659557478207127,EDNRB
GO_Biological_Process_2021,positive regulation of ubiquitin protein ligase activity (GO:1904668),1/12,0.1136443487055952,0.291937897569293,0,0,9.040201005025123,19.659557478207127,CDC14B
GO_Biological_Process_2021,urogenital system development (GO:0001655),1/12,0.1136443487055952,0.291937897569293,0,0,9.040201005025123,19.659557478207127,ANXA1
GO_Biological_Process_2021,positive regulation of vascular permeability (GO:0043117),1/12,0.1136443487055952,0.291937897569293,0,0,9.040201005025123,19.659557478207127,PDE2A
GO_Biological_Process_2021,modulation by host of viral process (GO:0044788),1/12,0.1136443487055952,0.291937897569293,0,0,9.040201005025123,19.659557478207127,ZNF502
GO_Biological_Process_2021,protein localization to condensed chromosome (GO:1903083),1/12,0.1136443487055952,0.291937897569293,0,0,9.040201005025123,19.659557478207127,CDK1
GO_Biological_Process_2021,chordate embryonic development (GO:0043009),2/58,0.1144651666427582,0.292476831492884,0,0,3.561327561327561,7.719123085387519,ALDH1A2;PTCH1
GO_Biological_Process_2021,eye development (GO:0001654),2/58,0.1144651666427582,0.292476831492884,0,0,3.561327561327561,7.719123085387519,MAB21L1;MEIS2
GO_Biological_Process_2021,muscle organ development (GO:0007517),2/58,0.1144651666427582,0.292476831492884,0,0,3.561327561327561,7.719123085387519,DMD;POU6F1
GO_Biological_Process_2021,mitotic DNA damage checkpoint signaling (GO:0044773),2/59,0.1177356082636544,0.2997086427752309,0,0,3.4986709197235517,7.484754897547597,CDK1;CDC14B
GO_Biological_Process_2021,adenylate cyclase-inhibiting G protein-coupled receptor signaling pathway (GO:0007193),2/60,0.1210294038464434,0.2997086427752309,0,0,3.438174851967956,7.260468635528234,GNAL;PDE2A
GO_Biological_Process_2021,protein homooligomerization (GO:0051260),3/121,0.1212859747412509,0.2997086427752309,0,0,2.5400499010582465,5.358499670932854,SCARA5;ALDH1A2;RYR3
GO_Biological_Process_2021,atrial cardiac muscle cell action potential (GO:0086014),1/13,0.1225132126107664,0.2997086427752309,0,0,8.28643216080402,17.397665920944878,SCN3B
GO_Biological_Process_2021,negative regulation of hydrogen peroxide-induced cell death (GO:1903206),1/13,0.1225132126107664,0.2997086427752309,0,0,8.28643216080402,17.397665920944878,MET
GO_Biological_Process_2021,negative regulation of macrophage derived foam cell differentiation (GO:0010745),1/13,0.1225132126107664,0.2997086427752309,0,0,8.28643216080402,17.397665920944878,ABCA5
GO_Biological_Process_2021,carboxylic acid biosynthetic process (GO:0046394),1/13,0.1225132126107664,0.2997086427752309,0,0,8.28643216080402,17.397665920944878,RGN
GO_Biological_Process_2021,cardiac cell development (GO:0055006),1/13,0.1225132126107664,0.2997086427752309,0,0,8.28643216080402,17.397665920944878,MYH11
GO_Biological_Process_2021,cellular component maintenance (GO:0043954),1/13,0.1225132126107664,0.2997086427752309,0,0,8.28643216080402,17.397665920944878,PRNP
GO_Biological_Process_2021,cellular response to interleukin-15 (GO:0071350),1/13,0.1225132126107664,0.2997086427752309,0,0,8.28643216080402,17.397665920944878,STAT5B
GO_Biological_Process_2021,central nervous system projection neuron axonogenesis (GO:0021952),1/13,0.1225132126107664,0.2997086427752309,0,0,8.28643216080402,17.397665920944878,NFIB
GO_Biological_Process_2021,regulation of interleukin-5 production (GO:0032674),1/13,0.1225132126107664,0.2997086427752309,0,0,8.28643216080402,17.397665920944878,TSLP
GO_Biological_Process_2021,pathway-restricted SMAD protein phosphorylation (GO:0060389),1/13,0.1225132126107664,0.2997086427752309,0,0,8.28643216080402,17.397665920944878,TGFBR3
GO_Biological_Process_2021,embryonic appendage morphogenesis (GO:0035113),1/13,0.1225132126107664,0.2997086427752309,0,0,8.28643216080402,17.397665920944878,PTCH1
GO_Biological_Process_2021,entry into host (GO:0044409),1/13,0.1225132126107664,0.2997086427752309,0,0,8.28643216080402,17.397665920944878,MET
GO_Biological_Process_2021,regulation of receptor signaling pathway via STAT (GO:1904892),1/13,0.1225132126107664,0.2997086427752309,0,0,8.28643216080402,17.397665920944878,TSLP
GO_Biological_Process_2021,response to nitric oxide (GO:0071731),1/13,0.1225132126107664,0.2997086427752309,0,0,8.28643216080402,17.397665920944878,AQP1
GO_Biological_Process_2021,response to thyroid hormone (GO:0097066),1/13,0.1225132126107664,0.2997086427752309,0,0,8.28643216080402,17.397665920944878,THRB
GO_Biological_Process_2021,response to UV-B (GO:0010224),1/13,0.1225132126107664,0.2997086427752309,0,0,8.28643216080402,17.397665920944878,MME
GO_Biological_Process_2021,icosanoid secretion (GO:0032309),1/13,0.1225132126107664,0.2997086427752309,0,0,8.28643216080402,17.397665920944878,ANXA1
GO_Biological_Process_2021,interleukin-15-mediated signaling pathway (GO:0035723),1/13,0.1225132126107664,0.2997086427752309,0,0,8.28643216080402,17.397665920944878,STAT5B
GO_Biological_Process_2021,positive regulation of neuron migration (GO:2001224),1/13,0.1225132126107664,0.2997086427752309,0,0,8.28643216080402,17.397665920944878,SEMA6A
GO_Biological_Process_2021,triglyceride-rich lipoprotein particle remodeling (GO:0034370),1/13,0.1225132126107664,0.2997086427752309,0,0,8.28643216080402,17.397665920944878,GPIHBP1
GO_Biological_Process_2021,positive regulation of vascular endothelial cell proliferation (GO:1905564),1/13,0.1225132126107664,0.2997086427752309,0,0,8.28643216080402,17.397665920944878,FGF2
GO_Biological_Process_2021,negative regulation of adenylate cyclase activity (GO:0007194),1/13,0.1225132126107664,0.2997086427752309,0,0,8.28643216080402,17.397665920944878,EDNRB
GO_Biological_Process_2021,"regulation of DNA-templated transcription, initiation (GO:2000142)",2/61,0.1243457655234195,0.3036743525367866,0,0,3.379729498373566,7.045685456427677,CCNB1;CDK1
GO_Biological_Process_2021,regulation of neurogenesis (GO:0050767),2/62,0.1276839186856092,0.3055718962852994,0,0,3.323232323232323,6.839868307696459,CCL11;MME
GO_Biological_Process_2021,regulation of protein phosphorylation (GO:0001932),5/266,0.1288883640844073,0.3055718962852994,0,0,1.9195402298850572,3.932770615465737,PRNP;NTRK2;PELI2;FGF2;EGFR
GO_Biological_Process_2021,negative regulation of macromolecule metabolic process (GO:0010605),4/194,0.1303648762953712,0.3055718962852994,0,0,2.1063372717508058,4.291489512261752,SFRP1;ATOH8;FGF2;AURKA
GO_Biological_Process_2021,positive regulation of DNA metabolic process (GO:0051054),2/63,0.1310431018295034,0.3055718962852994,0,0,3.2685875144891536,6.642518297732,FGF2;EGFR
GO_Biological_Process_2021,negative regulation of cell migration involved in sprouting angiogenesis (GO:0090051),1/14,0.1312937743788508,0.3055718962852994,0,0,7.648627754155393,15.529145947074284,MEOX2
GO_Biological_Process_2021,negative regulation of cyclase activity (GO:0031280),1/14,0.1312937743788508,0.3055718962852994,0,0,7.648627754155393,15.529145947074284,EDNRB
GO_Biological_Process_2021,aorta development (GO:0035904),1/14,0.1312937743788508,0.3055718962852994,0,0,7.648627754155393,15.529145947074284,PDE2A
GO_Biological_Process_2021,calcium ion import across plasma membrane (GO:0098703),1/14,0.1312937743788508,0.3055718962852994,0,0,7.648627754155393,15.529145947074284,SLC24A2
GO_Biological_Process_2021,regulation of cell projection organization (GO:0031344),1/14,0.1312937743788508,0.3055718962852994,0,0,7.648627754155393,15.529145947074284,SPRY2
GO_Biological_Process_2021,carbohydrate transport (GO:0008643),1/14,0.1312937743788508,0.3055718962852994,0,0,7.648627754155393,15.529145947074284,AQP1
GO_Biological_Process_2021,cardiolipin metabolic process (GO:0032048),1/14,0.1312937743788508,0.3055718962852994,0,0,7.648627754155393,15.529145947074284,PLA2G4A
GO_Biological_Process_2021,negative regulation of pri-miRNA transcription by RNA polymerase II (GO:1902894),1/14,0.1312937743788508,0.3055718962852994,0,0,7.648627754155393,15.529145947074284,NFIB
GO_Biological_Process_2021,regulation of lipase activity (GO:0060191),1/14,0.1312937743788508,0.3055718962852994,0,0,7.648627754155393,15.529145947074284,GPIHBP1
GO_Biological_Process_2021,regulation of macrophage cytokine production (GO:0010935),1/14,0.1312937743788508,0.3055718962852994,0,0,7.648627754155393,15.529145947074284,GPRC5B
GO_Biological_Process_2021,pancreas development (GO:0031016),1/14,0.1312937743788508,0.3055718962852994,0,0,7.648627754155393,15.529145947074284,MET
GO_Biological_Process_2021,regulation of nitric-oxide synthase biosynthetic process (GO:0051769),1/14,0.1312937743788508,0.3055718962852994,0,0,7.648627754155393,15.529145947074284,IL33
GO_Biological_Process_2021,growth hormone receptor signaling pathway via JAK-STAT (GO:0060397),1/14,0.1312937743788508,0.3055718962852994,0,0,7.648627754155393,15.529145947074284,STAT5B
GO_Biological_Process_2021,positive regulation of glycoprotein biosynthetic process (GO:0010560),1/14,0.1312937743788508,0.3055718962852994,0,0,7.648627754155393,15.529145947074284,IL33
GO_Biological_Process_2021,response to X-ray (GO:0010165),1/14,0.1312937743788508,0.3055718962852994,0,0,7.648627754155393,15.529145947074284,ANXA1
GO_Biological_Process_2021,positive regulation of long-term synaptic potentiation (GO:1900273),1/14,0.1312937743788508,0.3055718962852994,0,0,7.648627754155393,15.529145947074284,RELN
GO_Biological_Process_2021,positive regulation of lymphocyte migration (GO:2000403),1/14,0.1312937743788508,0.3055718962852994,0,0,7.648627754155393,15.529145947074284,JAM2
GO_Biological_Process_2021,secondary palate development (GO:0062009),1/14,0.1312937743788508,0.3055718962852994,0,0,7.648627754155393,15.529145947074284,TGFBR3
GO_Biological_Process_2021,smooth muscle contraction (GO:0006939),1/14,0.1312937743788508,0.3055718962852994,0,0,7.648627754155393,15.529145947074284,MYH11
GO_Biological_Process_2021,steroid catabolic process (GO:0006706),1/14,0.1312937743788508,0.3055718962852994,0,0,7.648627754155393,15.529145947074284,HSD17B6
GO_Biological_Process_2021,sulfate transport (GO:0008272),1/14,0.1312937743788508,0.3055718962852994,0,0,7.648627754155393,15.529145947074284,RACGAP1
GO_Biological_Process_2021,positive regulation of sodium ion transmembrane transporter activity (GO:2000651),1/14,0.1312937743788508,0.3055718962852994,0,0,7.648627754155393,15.529145947074284,DMD
GO_Biological_Process_2021,positive regulation of T-helper cell differentiation (GO:0045624),1/14,0.1312937743788508,0.3055718962852994,0,0,7.648627754155393,15.529145947074284,ANXA1
GO_Biological_Process_2021,monoacylglycerol metabolic process (GO:0046462),1/14,0.1312937743788508,0.3055718962852994,0,0,7.648627754155393,15.529145947074284,PLA2G4A
GO_Biological_Process_2021,protein localization to kinetochore (GO:0034501),1/14,0.1312937743788508,0.3055718962852994,0,0,7.648627754155393,15.529145947074284,CDK1
GO_Biological_Process_2021,phosphatidylinositol biosynthetic process (GO:0006661),3/126,0.1323995391242033,0.3076468255377927,0,0,2.4361767983162066,4.925781673616739,ARF1;FGF2;FAM126A
GO_Biological_Process_2021,regulation of transcription initiation from RNA polymerase II promoter (GO:0060260),2/64,0.1344225663522014,0.3102179026830323,0,0,3.215705441511893,6.45317143498723,CCNB1;CDK1
GO_Biological_Process_2021,microtubule cytoskeleton organization involved in mitosis (GO:1902850),3/128,0.1369418453141825,0.3102179026830323,0,0,2.396954314720812,4.7656220038630535,CCNB1;CENPL;AURKA
GO_Biological_Process_2021,regulation of signal transduction (GO:0009966),4/198,0.137447184110002,0.3102179026830323,0,0,2.062486850410268,4.093037228847409,PRNP;PTCH1;LIFR;RGS6
GO_Biological_Process_2021,regulation of cell-matrix adhesion (GO:0001952),2/65,0.137821576382599,0.3102179026830323,0,0,3.1645021645021645,6.271395690931595,SFRP1;HOXA7
GO_Biological_Process_2021,"G protein-coupled receptor signaling pathway, coupled to cyclic nucleotide second messenger (GO:0007187)",2/65,0.137821576382599,0.3102179026830323,0,0,3.1645021645021645,6.271395690931595,ANXA1;SSTR1
GO_Biological_Process_2021,positive regulation of macromolecule biosynthetic process (GO:0010557),3/129,0.1392329274452611,0.3102179026830323,0,0,2.3778100072516315,4.688106881874375,IL33;FGF2;EGFR
GO_Biological_Process_2021,negative regulation of androgen receptor signaling pathway (GO:0060766),1/15,0.139986908731619,0.3102179026830323,0,0,7.101938262742283,13.963876250165317,SFRP1
GO_Biological_Process_2021,protein trimerization (GO:0070206),1/15,0.139986908731619,0.3102179026830323,0,0,7.101938262742283,13.963876250165317,SCARA5
GO_Biological_Process_2021,negative regulation of cellular component movement (GO:0051271),1/15,0.139986908731619,0.3102179026830323,0,0,7.101938262742283,13.963876250165317,TGFBR3
GO_Biological_Process_2021,calcium ion import into cytosol (GO:1902656),1/15,0.139986908731619,0.3102179026830323,0,0,7.101938262742283,13.963876250165317,SLC24A2
GO_Biological_Process_2021,catecholamine metabolic process (GO:0006584),1/15,0.139986908731619,0.3102179026830323,0,0,7.101938262742283,13.963876250165317,RNF180
GO_Biological_Process_2021,negative regulation of protein processing (GO:0010955),1/15,0.139986908731619,0.3102179026830323,0,0,7.101938262742283,13.963876250165317,PRNP
GO_Biological_Process_2021,cellular response to ATP (GO:0071318),1/15,0.139986908731619,0.3102179026830323,0,0,7.101938262742283,13.963876250165317,RYR3
GO_Biological_Process_2021,cellular response to estrogen stimulus (GO:0071391),1/15,0.139986908731619,0.3102179026830323,0,0,7.101938262742283,13.963876250165317,SFRP1
GO_Biological_Process_2021,negative regulation of ubiquitin-protein transferase activity (GO:0051444),1/15,0.139986908731619,0.3102179026830323,0,0,7.101938262742283,13.963876250165317,USP44
GO_Biological_Process_2021,central nervous system neuron development (GO:0021954),1/15,0.139986908731619,0.3102179026830323,0,0,7.101938262742283,13.963876250165317,NTRK2
GO_Biological_Process_2021,neurotrophin TRK receptor signaling pathway (GO:0048011),1/15,0.139986908731619,0.3102179026830323,0,0,7.101938262742283,13.963876250165317,NTRK2
GO_Biological_Process_2021,detection of mechanical stimulus involved in sensory perception (GO:0050974),1/15,0.139986908731619,0.3102179026830323,0,0,7.101938262742283,13.963876250165317,COL11A1
GO_Biological_Process_2021,regulation of non-canonical Wnt signaling pathway (GO:2000050),1/15,0.139986908731619,0.3102179026830323,0,0,7.101938262742283,13.963876250165317,SFRP1
GO_Biological_Process_2021,peptidyl-tyrosine autophosphorylation (GO:0038083),1/15,0.139986908731619,0.3102179026830323,0,0,7.101938262742283,13.963876250165317,EGFR
GO_Biological_Process_2021,regulation of phospholipase C activity (GO:1900274),1/15,0.139986908731619,0.3102179026830323,0,0,7.101938262742283,13.963876250165317,FGF2
GO_Biological_Process_2021,placenta development (GO:0001890),1/15,0.139986908731619,0.3102179026830323,0,0,7.101938262742283,13.963876250165317,PLAC1
GO_Biological_Process_2021,response to muscle stretch (GO:0035994),1/15,0.139986908731619,0.3102179026830323,0,0,7.101938262742283,13.963876250165317,DMD
GO_Biological_Process_2021,icosanoid biosynthetic process (GO:0046456),1/15,0.139986908731619,0.3102179026830323,0,0,7.101938262742283,13.963876250165317,PLA2G4A
GO_Biological_Process_2021,macrophage migration (GO:1905517),1/15,0.139986908731619,0.3102179026830323,0,0,7.101938262742283,13.963876250165317,EDNRB
GO_Biological_Process_2021,positive regulation of response to cytokine stimulus (GO:0060760),1/15,0.139986908731619,0.3102179026830323,0,0,7.101938262742283,13.963876250165317,TSLP
GO_Biological_Process_2021,positive regulation of secretion (GO:0051047),1/15,0.139986908731619,0.3102179026830323,0,0,7.101938262742283,13.963876250165317,AQP1
GO_Biological_Process_2021,positive regulation of sprouting angiogenesis (GO:1903672),1/15,0.139986908731619,0.3102179026830323,0,0,7.101938262742283,13.963876250165317,FGF2
GO_Biological_Process_2021,prostanoid biosynthetic process (GO:0046457),1/15,0.139986908731619,0.3102179026830323,0,0,7.101938262742283,13.963876250165317,PLA2G4A
GO_Biological_Process_2021,protein homotrimerization (GO:0070207),1/15,0.139986908731619,0.3102179026830323,0,0,7.101938262742283,13.963876250165317,SCARA5
GO_Biological_Process_2021,supramolecular fiber organization (GO:0097435),6/351,0.1409428843052551,0.3105969230182755,0,0,1.744060959211116,3.417313996640028,TNXB;COL11A1;LMOD1;COL10A1;MYH11;PGM5
GO_Biological_Process_2021,cellular component disassembly (GO:0022411),2/66,0.1412394085870013,0.3105969230182755,0,0,3.11489898989899,6.096788351656931,ADAMTS5;MMP11
GO_Biological_Process_2021,cellular response to nutrient levels (GO:0031669),2/66,0.1412394085870013,0.3105969230182755,0,0,3.11489898989899,6.096788351656931,SFRP1;FAM107A
GO_Biological_Process_2021,ERBB signaling pathway (GO:0038127),2/66,0.1412394085870013,0.3105969230182755,0,0,3.11489898989899,6.096788351656931,NRG2;EGFR
GO_Biological_Process_2021,extracellular matrix disassembly (GO:0022617),2/66,0.1412394085870013,0.3105969230182755,0,0,3.11489898989899,6.096788351656931,ADAMTS5;MMP11
GO_Biological_Process_2021,positive regulation of canonical Wnt signaling pathway (GO:0090263),3/130,0.1415370182821212,0.3107754713350552,0,0,2.3589671849394462,4.612238445645575,SFRP1;GPRC5B;EGFR
GO_Biological_Process_2021,cellular response to hypoxia (GO:0071456),3/131,0.1438539098727956,0.3153804802707396,0,0,2.340418781725888,4.537971401166285,SFRP1;HIF3A;AQP1
GO_Biological_Process_2021,regulation of epidermal growth factor receptor signaling pathway (GO:0042058),2/67,0.1446753520694938,0.3166978743472455,0,0,3.0668220668220667,5.928973623253177,SPRY2;EGFR
GO_Biological_Process_2021,regulation of myeloid cell differentiation (GO:0045637),2/68,0.1481287080780672,0.3170583059151102,0,0,3.0202020202020203,5.767600469255814,MEIS2;HOXA5
GO_Biological_Process_2021,negative regulation of cell-substrate junction organization (GO:0150118),1/16,0.1485934818111902,0.3170583059151102,0,0,6.628140703517588,12.636822082241835,FAM107A
GO_Biological_Process_2021,negative regulation of epithelial cell differentiation (GO:0030857),1/16,0.1485934818111902,0.3170583059151102,0,0,6.628140703517588,12.636822082241835,SPRY2
GO_Biological_Process_2021,negative regulation of focal adhesion assembly (GO:0051895),1/16,0.1485934818111902,0.3170583059151102,0,0,6.628140703517588,12.636822082241835,FAM107A
GO_Biological_Process_2021,regulation of blood vessel endothelial cell proliferation involved in sprouting angiogenesis (GO:1903587),1/16,0.1485934818111902,0.3170583059151102,0,0,6.628140703517588,12.636822082241835,FGF2
GO_Biological_Process_2021,negative regulation of lyase activity (GO:0051350),1/16,0.1485934818111902,0.3170583059151102,0,0,6.628140703517588,12.636822082241835,EDNRB
GO_Biological_Process_2021,regulation of ERBB signaling pathway (GO:1901184),1/16,0.1485934818111902,0.3170583059151102,0,0,6.628140703517588,12.636822082241835,EGFR
GO_Biological_Process_2021,cellular response to sterol (GO:0036315),1/16,0.1485934818111902,0.3170583059151102,0,0,6.628140703517588,12.636822082241835,PTCH1
GO_Biological_Process_2021,regulation of hormone secretion (GO:0046883),1/16,0.1485934818111902,0.3170583059151102,0,0,6.628140703517588,12.636822082241835,ANXA1
GO_Biological_Process_2021,regulation of interleukin-1 production (GO:0032652),1/16,0.1485934818111902,0.3170583059151102,0,0,6.628140703517588,12.636822082241835,ANXA1
GO_Biological_Process_2021,regulation of interleukin-13 production (GO:0032656),1/16,0.1485934818111902,0.3170583059151102,0,0,6.628140703517588,12.636822082241835,TSLP
GO_Biological_Process_2021,regulation of monocyte differentiation (GO:0045655),1/16,0.1485934818111902,0.3170583059151102,0,0,6.628140703517588,12.636822082241835,HOXA7
GO_Biological_Process_2021,platelet-derived growth factor receptor signaling pathway (GO:0048008),1/16,0.1485934818111902,0.3170583059151102,0,0,6.628140703517588,12.636822082241835,PDGFD
GO_Biological_Process_2021,polyol biosynthetic process (GO:0046173),1/16,0.1485934818111902,0.3170583059151102,0,0,6.628140703517588,12.636822082241835,FGF2
GO_Biological_Process_2021,eosinophil chemotaxis (GO:0048245),1/16,0.1485934818111902,0.3170583059151102,0,0,6.628140703517588,12.636822082241835,CCL11
GO_Biological_Process_2021,eosinophil migration (GO:0072677),1/16,0.1485934818111902,0.3170583059151102,0,0,6.628140703517588,12.636822082241835,CCL11
GO_Biological_Process_2021,positive regulation of myeloid leukocyte cytokine production involved in immune response (GO:0061081),1/16,0.1485934818111902,0.3170583059151102,0,0,6.628140703517588,12.636822082241835,GPRC5B
GO_Biological_Process_2021,cellular response to decreased oxygen levels (GO:0036294),2/69,0.1515987898971927,0.3225123885812869,0,0,2.974973616764661,5.612340646899519,SFRP1;AQP1
GO_Biological_Process_2021,peptidyl-tyrosine phosphorylation (GO:0018108),2/69,0.1515987898971927,0.3225123885812869,0,0,2.974973616764661,5.612340646899519,RELN;EGFR
GO_Biological_Process_2021,positive regulation of cell-substrate adhesion (GO:0010811),2/70,0.1550849226995339,0.3260349831098836,0,0,2.931075460487225,5.462886925837976,VIT;SFRP1
GO_Biological_Process_2021,"negative regulation of transcription, DNA-templated (GO:0045892)",13/948,0.1556130914450786,0.3260349831098836,0,0,1.4026423403586032,2.6094513135922783,IL33;CBX7;THRB;PTCH1;PDE2A;MEIS2;POU6F1;TCEAL7;SFRP1;EDNRB;ATOH8;ID4;HOXA7
GO_Biological_Process_2021,protein localization to plasma membrane (GO:0072659),3/136,0.1556231070735254,0.3260349831098836,0,0,2.2518606160070225,4.189177232020214,PTCH1;SCN3B;FAM126A
GO_Biological_Process_2021,amyloid-beta metabolic process (GO:0050435),1/17,0.157114351192228,0.3260349831098836,0,0,6.21356783919598,11.499955704952034,MME
GO_Biological_Process_2021,regulation of Arp2/3 complex-mediated actin nucleation (GO:0034315),1/17,0.157114351192228,0.3260349831098836,0,0,6.21356783919598,11.499955704952034,ARF1
GO_Biological_Process_2021,negative regulation of insulin secretion (GO:0046676),1/17,0.157114351192228,0.3260349831098836,0,0,6.21356783919598,11.499955704952034,SFRP1
GO_Biological_Process_2021,regulation of cardiac muscle contraction by regulation of the release of sequestered calcium ion (GO:0010881),1/17,0.157114351192228,0.3260349831098836,0,0,6.21356783919598,11.499955704952034,DMD
GO_Biological_Process_2021,negative regulation of peptidyl-threonine phosphorylation (GO:0010801),1/17,0.157114351192228,0.3260349831098836,0,0,6.21356783919598,11.499955704952034,SPRY2
GO_Biological_Process_2021,regulation of osteoblast proliferation (GO:0033688),1/17,0.157114351192228,0.3260349831098836,0,0,6.21356783919598,11.499955704952034,SFRP1
GO_Biological_Process_2021,pharyngeal system development (GO:0060037),1/17,0.157114351192228,0.3260349831098836,0,0,6.21356783919598,11.499955704952034,PTCH1
GO_Biological_Process_2021,positive regulation of cyclin-dependent protein serine/threonine kinase activity (GO:0045737),1/17,0.157114351192228,0.3260349831098836,0,0,6.21356783919598,11.499955704952034,EGFR
GO_Biological_Process_2021,positive regulation of DNA replication (GO:0045740),1/17,0.157114351192228,0.3260349831098836,0,0,6.21356783919598,11.499955704952034,EGFR
GO_Biological_Process_2021,positive regulation of heart rate (GO:0010460),1/17,0.157114351192228,0.3260349831098836,0,0,6.21356783919598,11.499955704952034,SCN3B
GO_Biological_Process_2021,reverse cholesterol transport (GO:0043691),1/17,0.157114351192228,0.3260349831098836,0,0,6.21356783919598,11.499955704952034,ABCA5
GO_Biological_Process_2021,positive regulation of macrophage activation (GO:0043032),1/17,0.157114351192228,0.3260349831098836,0,0,6.21356783919598,11.499955704952034,IL33
GO_Biological_Process_2021,muscle tissue morphogenesis (GO:0060415),1/17,0.157114351192228,0.3260349831098836,0,0,6.21356783919598,11.499955704952034,TGFBR3
GO_Biological_Process_2021,"protein localization to chromosome, centromeric region (GO:0071459)",1/17,0.157114351192228,0.3260349831098836,0,0,6.21356783919598,11.499955704952034,CDK1
GO_Biological_Process_2021,mitotic cell cycle phase transition (GO:0044772),4/209,0.1576916027431056,0.3262675781662884,0,0,1.9507217521154805,3.603205526187133,CCNB1;CDK1;PPP1R12B;AURKA
GO_Biological_Process_2021,protein tetramerization (GO:0051262),2/71,0.1585864433775845,0.3262675781662884,0,0,2.888449714536671,5.318951469597782,ALDH1A2;RYR3
GO_Biological_Process_2021,cellular response to BMP stimulus (GO:0071773),2/71,0.1585864433775845,0.3262675781662884,0,0,2.888449714536671,5.318951469597782,TGFBR3;SFRP1
GO_Biological_Process_2021,cholesterol homeostasis (GO:0042632),2/71,0.1585864433775845,0.3262675781662884,0,0,2.888449714536671,5.318951469597782,ABCA5;GPIHBP1
GO_Biological_Process_2021,cell morphogenesis involved in differentiation (GO:0000904),2/72,0.1621027002960182,0.3262675781662884,0,0,2.8470418470418477,5.180264363849609,RELN;DACT2
GO_Biological_Process_2021,positive regulation of neurogenesis (GO:0050769),2/72,0.1621027002960182,0.3262675781662884,0,0,2.8470418470418477,5.180264363849609,NTRK2;MME
GO_Biological_Process_2021,sterol homeostasis (GO:0055092),2/72,0.1621027002960182,0.3262675781662884,0,0,2.8470418470418477,5.180264363849609,ABCA5;GPIHBP1
GO_Biological_Process_2021,protein localization to cell periphery (GO:1990778),3/140,0.1652477197553054,0.3262675781662884,0,0,2.1856682352069363,3.934879504297894,PTCH1;SCN3B;FAM126A
GO_Biological_Process_2021,protein O-linked mannosylation (GO:0035269),1/18,0.1655503660358053,0.3262675781662884,0,0,5.847768253029855,10.51709310132786,TMTC1
GO_Biological_Process_2021,negative regulation of fibroblast proliferation (GO:0048147),1/18,0.1655503660358053,0.3262675781662884,0,0,5.847768253029855,10.51709310132786,SFRP1
GO_Biological_Process_2021,regulation of B cell differentiation (GO:0045577),1/18,0.1655503660358053,0.3262675781662884,0,0,5.847768253029855,10.51709310132786,SFRP1
GO_Biological_Process_2021,negative regulation of interleukin-8 production (GO:0032717),1/18,0.1655503660358053,0.3262675781662884,0,0,5.847768253029855,10.51709310132786,ANXA1
GO_Biological_Process_2021,cell migration involved in sprouting angiogenesis (GO:0002042),1/18,0.1655503660358053,0.3262675781662884,0,0,5.847768253029855,10.51709310132786,FGF2
GO_Biological_Process_2021,negative regulation of peptide hormone secretion (GO:0090278),1/18,0.1655503660358053,0.3262675781662884,0,0,5.847768253029855,10.51709310132786,SFRP1
GO_Biological_Process_2021,cellular response to alkaloid (GO:0071312),1/18,0.1655503660358053,0.3262675781662884,0,0,5.847768253029855,10.51709310132786,RYR3
GO_Biological_Process_2021,negative regulation of Rho protein signal transduction (GO:0035024),1/18,0.1655503660358053,0.3262675781662884,0,0,5.847768253029855,10.51709310132786,MET
GO_Biological_Process_2021,phosphatidylglycerol acyl-chain remodeling (GO:0036148),1/18,0.1655503660358053,0.3262675781662884,0,0,5.847768253029855,10.51709310132786,PLA2G4A
GO_Biological_Process_2021,phosphatidylinositol acyl-chain remodeling (GO:0036149),1/18,0.1655503660358053,0.3262675781662884,0,0,5.847768253029855,10.51709310132786,PLA2G4A
GO_Biological_Process_2021,embryonic axis specification (GO:0000578),1/18,0.1655503660358053,0.3262675781662884,0,0,5.847768253029855,10.51709310132786,PTCH1
GO_Biological_Process_2021,regulation of production of miRNAs involved in gene silencing by miRNA (GO:1903798),1/18,0.1655503660358053,0.3262675781662884,0,0,5.847768253029855,10.51709310132786,EGFR
GO_Biological_Process_2021,positive chemotaxis (GO:0050918),1/18,0.1655503660358053,0.3262675781662884,0,0,5.847768253029855,10.51709310132786,MET
GO_Biological_Process_2021,regulation of spindle organization (GO:0090224),1/18,0.1655503660358053,0.3262675781662884,0,0,5.847768253029855,10.51709310132786,TPX2
GO_Biological_Process_2021,fluid transport (GO:0042044),1/18,0.1655503660358053,0.3262675781662884,0,0,5.847768253029855,10.51709310132786,AQP1
GO_Biological_Process_2021,positive regulation of CREB transcription factor activity (GO:0032793),1/18,0.1655503660358053,0.3262675781662884,0,0,5.847768253029855,10.51709310132786,RELN
GO_Biological_Process_2021,regulation of vascular endothelial cell proliferation (GO:1905562),1/18,0.1655503660358053,0.3262675781662884,0,0,5.847768253029855,10.51709310132786,FGF2
GO_Biological_Process_2021,regulation of ventricular cardiac muscle cell membrane repolarization (GO:0060307),1/18,0.1655503660358053,0.3262675781662884,0,0,5.847768253029855,10.51709310132786,SCN4B
GO_Biological_Process_2021,positive regulation of excitatory postsynaptic potential (GO:2000463),1/18,0.1655503660358053,0.3262675781662884,0,0,5.847768253029855,10.51709310132786,RELN
GO_Biological_Process_2021,high-density lipoprotein particle remodeling (GO:0034375),1/18,0.1655503660358053,0.3262675781662884,0,0,5.847768253029855,10.51709310132786,ABCA5
GO_Biological_Process_2021,hyaluronan catabolic process (GO:0030214),1/18,0.1655503660358053,0.3262675781662884,0,0,5.847768253029855,10.51709310132786,FGF2
GO_Biological_Process_2021,positive regulation of myoblast differentiation (GO:0045663),1/18,0.1655503660358053,0.3262675781662884,0,0,5.847768253029855,10.51709310132786,BOC
GO_Biological_Process_2021,leukocyte tethering or rolling (GO:0050901),1/18,0.1655503660358053,0.3262675781662884,0,0,5.847768253029855,10.51709310132786,JAM2
GO_Biological_Process_2021,"positive regulation of synaptic transmission, glutamatergic (GO:0051968)",1/18,0.1655503660358053,0.3262675781662884,0,0,5.847768253029855,10.51709310132786,RELN
GO_Biological_Process_2021,ventricular cardiac muscle cell action potential (GO:0086005),1/18,0.1655503660358053,0.3262675781662884,0,0,5.847768253029855,10.51709310132786,SCN3B
GO_Biological_Process_2021,water transport (GO:0006833),1/18,0.1655503660358053,0.3262675781662884,0,0,5.847768253029855,10.51709310132786,AQP1
GO_Biological_Process_2021,negative regulation of cell adhesion (GO:0007162),2/73,0.1656330532612982,0.3262675781662884,0,0,2.806800398349694,5.046572271238703,SEMA6A;DACT2
GO_Biological_Process_2021,regulation of actin filament polymerization (GO:0030833),2/73,0.1656330532612982,0.3262675781662884,0,0,2.806800398349694,5.046572271238703,CCL11;LMOD1
GO_Biological_Process_2021,positive regulation of synaptic transmission (GO:0050806),2/73,0.1656330532612982,0.3262675781662884,0,0,2.806800398349694,5.046572271238703,SLC24A2;RELN
GO_Biological_Process_2021,positive regulation of GTPase activity (GO:0043547),4/214,0.1672414640339175,0.3285345312622512,0,0,1.903790087463557,3.4045794514374683,CCL14;SFRP1;CCL11;RGS6
GO_Biological_Process_2021,positive regulation of protein modification process (GO:0031401),4/214,0.1672414640339175,0.3285345312622512,0,0,1.903790087463557,3.4045794514374683,NTRK2;PELI2;FGF2;EGFR
GO_Biological_Process_2021,regulation of cytokine-mediated signaling pathway (GO:0001959),2/74,0.1691768732048807,0.3311986727205368,0,0,2.767676767676768,4.917637208774679,TSLP;LIFR
GO_Biological_Process_2021,regulation of stress fiber assembly (GO:0051492),2/74,0.1691768732048807,0.3311986727205368,0,0,2.767676767676768,4.917637208774679,SFRP1;MET
GO_Biological_Process_2021,negative regulation of DNA-binding transcription factor activity (GO:0043433),3/143,0.1725795861644545,0.3311986727205368,0,0,2.1385061638868748,3.7571345929995696,PRNP;TCEAL7;PTCH1
GO_Biological_Process_2021,fibroblast growth factor receptor signaling pathway (GO:0008543),2/75,0.1727335422229741,0.3311986727205368,0,0,2.72962501729625,4.793235424721277,KL;FGF2
GO_Biological_Process_2021,negative regulation of immune system process (GO:0002683),1/19,0.1739023671527052,0.3311986727205368,0,0,5.522613065326633,9.66049300943,HOXA7
GO_Biological_Process_2021,branching involved in ureteric bud morphogenesis (GO:0001658),1/19,0.1739023671527052,0.3311986727205368,0,0,5.522613065326633,9.66049300943,FGF2
GO_Biological_Process_2021,negative regulation of nervous system development (GO:0051961),1/19,0.1739023671527052,0.3311986727205368,0,0,5.522613065326633,9.66049300943,CCL11
GO_Biological_Process_2021,negative regulation of T cell receptor signaling pathway (GO:0050860),1/19,0.1739023671527052,0.3311986727205368,0,0,5.522613065326633,9.66049300943,PRNP
GO_Biological_Process_2021,regulation of neuroinflammatory response (GO:0150077),1/19,0.1739023671527052,0.3311986727205368,0,0,5.522613065326633,9.66049300943,IL33
GO_Biological_Process_2021,establishment of skin barrier (GO:0061436),1/19,0.1739023671527052,0.3311986727205368,0,0,5.522613065326633,9.66049300943,MET
GO_Biological_Process_2021,ethanol metabolic process (GO:0006067),1/19,0.1739023671527052,0.3311986727205368,0,0,5.522613065326633,9.66049300943,ADH1C
GO_Biological_Process_2021,glycerolipid catabolic process (GO:0046503),1/19,0.1739023671527052,0.3311986727205368,0,0,5.522613065326633,9.66049300943,PLA2G4A
GO_Biological_Process_2021,regulation of water loss via skin (GO:0033561),1/19,0.1739023671527052,0.3311986727205368,0,0,5.522613065326633,9.66049300943,MET
GO_Biological_Process_2021,positive regulation of focal adhesion assembly (GO:0051894),1/19,0.1739023671527052,0.3311986727205368,0,0,5.522613065326633,9.66049300943,SFRP1
GO_Biological_Process_2021,response to ATP (GO:0033198),1/19,0.1739023671527052,0.3311986727205368,0,0,5.522613065326633,9.66049300943,RYR3
GO_Biological_Process_2021,response to cholesterol (GO:0070723),1/19,0.1739023671527052,0.3311986727205368,0,0,5.522613065326633,9.66049300943,PTCH1
GO_Biological_Process_2021,heart trabecula morphogenesis (GO:0061384),1/19,0.1739023671527052,0.3311986727205368,0,0,5.522613065326633,9.66049300943,TGFBR3
GO_Biological_Process_2021,positive regulation of mitochondrial fission (GO:0090141),1/19,0.1739023671527052,0.3311986727205368,0,0,5.522613065326633,9.66049300943,AURKA
GO_Biological_Process_2021,leukocyte adhesion to vascular endothelial cell (GO:0061756),1/19,0.1739023671527052,0.3311986727205368,0,0,5.522613065326633,9.66049300943,JAM2
GO_Biological_Process_2021,leukotriene biosynthetic process (GO:0019370),1/19,0.1739023671527052,0.3311986727205368,0,0,5.522613065326633,9.66049300943,PLA2G4A
GO_Biological_Process_2021,long-term memory (GO:0007616),1/19,0.1739023671527052,0.3311986727205368,0,0,5.522613065326633,9.66049300943,PRNP
GO_Biological_Process_2021,ureteric bud morphogenesis (GO:0060675),1/19,0.1739023671527052,0.3311986727205368,0,0,5.522613065326633,9.66049300943,FGF2
GO_Biological_Process_2021,prostaglandin biosynthetic process (GO:0001516),1/19,0.1739023671527052,0.3311986727205368,0,0,5.522613065326633,9.66049300943,PLA2G4A
GO_Biological_Process_2021,negative regulation of cell migration (GO:0030336),3/144,0.1750440509507228,0.3326811074588435,0,0,2.1232314504806133,3.700192853755635,SFRP1;HOXA7;FGF2
GO_Biological_Process_2021,regulation of cell cycle (GO:0051726),5/296,0.1758834883039763,0.3326811074588435,0,0,1.7190060798308222,2.9875182553075,SFRP1;CCNB1;PLAGL1;CDC14B;TTC28
GO_Biological_Process_2021,actomyosin structure organization (GO:0031032),2/76,0.1763024531867548,0.3326811074588435,0,0,2.6926016926016927,4.673156378016087,LMOD1;PGM5
GO_Biological_Process_2021,regulation of cell division (GO:0051302),2/76,0.1763024531867548,0.3326811074588435,0,0,2.6926016926016927,4.673156378016087,PRC1;AURKA
GO_Biological_Process_2021,regulation of epithelial to mesenchymal transition (GO:0010717),2/76,0.1763024531867548,0.3326811074588435,0,0,2.6926016926016927,4.673156378016087,SFRP1;SPRY2
GO_Biological_Process_2021,positive regulation of growth (GO:0045927),2/76,0.1763024531867548,0.3326811074588435,0,0,2.6926016926016927,4.673156378016087,SFRP1;EGFR
GO_Biological_Process_2021,positive regulation of interleukin-6 production (GO:0032755),2/76,0.1763024531867548,0.3326811074588435,0,0,2.6926016926016927,4.673156378016087,IL33;TSLP
GO_Biological_Process_2021,negative regulation of developmental process (GO:0051093),2/77,0.1798830098073791,0.3375455799644819,0,0,2.656565656565657,4.557201796283064,SFRP1;NFIB
GO_Biological_Process_2021,cellular response to UV (GO:0034644),2/77,0.1798830098073791,0.3375455799644819,0,0,2.656565656565657,4.557201796283064,MME;AQP1
GO_Biological_Process_2021,positive regulation of endothelial cell proliferation (GO:0001938),2/77,0.1798830098073791,0.3375455799644819,0,0,2.656565656565657,4.557201796283064,CCL11;FGF2
GO_Biological_Process_2021,negative regulation of axon extension involved in axon guidance (GO:0048843),1/20,0.182171186958547,0.3375455799644819,0,0,5.231684739486909,8.908556962758436,SEMA6A
GO_Biological_Process_2021,calcium-independent cell-cell adhesion via plasma membrane cell-adhesion molecules (GO:0016338),1/20,0.182171186958547,0.3375455799644819,0,0,5.231684739486909,8.908556962758436,CLDN11
GO_Biological_Process_2021,cardiac epithelial to mesenchymal transition (GO:0060317),1/20,0.182171186958547,0.3375455799644819,0,0,5.231684739486909,8.908556962758436,TGFBR3
GO_Biological_Process_2021,cardiac ventricle development (GO:0003231),1/20,0.182171186958547,0.3375455799644819,0,0,5.231684739486909,8.908556962758436,PDE2A
GO_Biological_Process_2021,positive regulation of cyclin-dependent protein kinase activity (GO:1904031),1/20,0.182171186958547,0.3375455799644819,0,0,5.231684739486909,8.908556962758436,EGFR
GO_Biological_Process_2021,positive regulation of dendrite morphogenesis (GO:0050775),1/20,0.182171186958547,0.3375455799644819,0,0,5.231684739486909,8.908556962758436,RELN
GO_Biological_Process_2021,growth hormone receptor signaling pathway (GO:0060396),1/20,0.182171186958547,0.3375455799644819,0,0,5.231684739486909,8.908556962758436,STAT5B
GO_Biological_Process_2021,positive regulation of heart contraction (GO:0045823),1/20,0.182171186958547,0.3375455799644819,0,0,5.231684739486909,8.908556962758436,SCN3B
GO_Biological_Process_2021,insulin secretion (GO:0030073),1/20,0.182171186958547,0.3375455799644819,0,0,5.231684739486909,8.908556962758436,ANXA1
GO_Biological_Process_2021,microtubule nucleation (GO:0007020),1/20,0.182171186958547,0.3375455799644819,0,0,5.231684739486909,8.908556962758436,TPX2
GO_Biological_Process_2021,xenobiotic transport (GO:0042908),1/20,0.182171186958547,0.3375455799644819,0,0,5.231684739486909,8.908556962758436,ABCA8
GO_Biological_Process_2021,positive regulation of transferase activity (GO:0051347),3/148,0.1849990407589495,0.3418589793651286,0,0,2.0642394538771223,3.483207230487368,NTRK2;MET;EGFR
GO_Biological_Process_2021,regulation of cytokine production (GO:0001817),3/150,0.1900319933080969,0.3418589793651286,0,0,2.035947373873407,3.380818543405686,BTNL9;IL33;ANXA1
GO_Biological_Process_2021,actin nucleation (GO:0045010),1/21,0.1903576498347592,0.3418589793651286,0,0,4.969849246231155,8.244237447277422,LMOD1
GO_Biological_Process_2021,androgen metabolic process (GO:0008209),1/21,0.1903576498347592,0.3418589793651286,0,0,4.969849246231155,8.244237447277422,HSD17B6
GO_Biological_Process_2021,autonomic nervous system development (GO:0048483),1/21,0.1903576498347592,0.3418589793651286,0,0,4.969849246231155,8.244237447277422,EDNRB
GO_Biological_Process_2021,regulation of cardiac muscle contraction by calcium ion signaling (GO:0010882),1/21,0.1903576498347592,0.3418589793651286,0,0,4.969849246231155,8.244237447277422,DMD
GO_Biological_Process_2021,calcium-mediated signaling using intracellular calcium source (GO:0035584),1/21,0.1903576498347592,0.3418589793651286,0,0,4.969849246231155,8.244237447277422,PRNP
GO_Biological_Process_2021,negative regulation of microtubule depolymerization (GO:0007026),1/21,0.1903576498347592,0.3418589793651286,0,0,4.969849246231155,8.244237447277422,TPX2
GO_Biological_Process_2021,negative regulation of peptidyl-serine phosphorylation (GO:0033137),1/21,0.1903576498347592,0.3418589793651286,0,0,4.969849246231155,8.244237447277422,DMD
GO_Biological_Process_2021,negative regulation of response to wounding (GO:1903035),1/21,0.1903576498347592,0.3418589793651286,0,0,4.969849246231155,8.244237447277422,FGF2
GO_Biological_Process_2021,regulation of fibroblast migration (GO:0010762),1/21,0.1903576498347592,0.3418589793651286,0,0,4.969849246231155,8.244237447277422,FGF2
GO_Biological_Process_2021,cellular response to inorganic substance (GO:0071241),1/21,0.1903576498347592,0.3418589793651286,0,0,4.969849246231155,8.244237447277422,AQP1
GO_Biological_Process_2021,negative regulation of small GTPase mediated signal transduction (GO:0051058),1/21,0.1903576498347592,0.3418589793651286,0,0,4.969849246231155,8.244237447277422,SPRY2
GO_Biological_Process_2021,neurotrophin signaling pathway (GO:0038179),1/21,0.1903576498347592,0.3418589793651286,0,0,4.969849246231155,8.244237447277422,NTRK2
GO_Biological_Process_2021,regulation of lipoprotein lipase activity (GO:0051004),1/21,0.1903576498347592,0.3418589793651286,0,0,4.969849246231155,8.244237447277422,GPIHBP1
GO_Biological_Process_2021,epithelial cell development (GO:0002064),1/21,0.1903576498347592,0.3418589793651286,0,0,4.969849246231155,8.244237447277422,DACT2
GO_Biological_Process_2021,focal adhesion assembly (GO:0048041),1/21,0.1903576498347592,0.3418589793651286,0,0,4.969849246231155,8.244237447277422,THSD1
GO_Biological_Process_2021,positive regulation of immune system process (GO:0002684),1/21,0.1903576498347592,0.3418589793651286,0,0,4.969849246231155,8.244237447277422,ANXA1
GO_Biological_Process_2021,retinol metabolic process (GO:0042572),1/21,0.1903576498347592,0.3418589793651286,0,0,4.969849246231155,8.244237447277422,ADH1C
GO_Biological_Process_2021,sensory perception of pain (GO:0019233),1/21,0.1903576498347592,0.3418589793651286,0,0,4.969849246231155,8.244237447277422,MME
GO_Biological_Process_2021,sterol transport (GO:0015918),1/21,0.1903576498347592,0.3418589793651286,0,0,4.969849246231155,8.244237447277422,ABCA8
GO_Biological_Process_2021,long-term synaptic potentiation (GO:0060291),1/21,0.1903576498347592,0.3418589793651286,0,0,4.969849246231155,8.244237447277422,SLC24A2
GO_Biological_Process_2021,positive regulation of vascular associated smooth muscle cell proliferation (GO:1904707),1/21,0.1903576498347592,0.3418589793651286,0,0,4.969849246231155,8.244237447277422,FGF2
GO_Biological_Process_2021,regulation of NIK/NF-kappaB signaling (GO:1901222),2/80,0.1906887482391839,0.3418589793651286,0,0,2.554001554001554,4.232268591096898,EGFR;NR3C2
GO_Biological_Process_2021,positive regulation of cell adhesion (GO:0045785),2/80,0.1906887482391839,0.3418589793651286,0,0,2.554001554001554,4.232268591096898,VIT;IBSP
GO_Biological_Process_2021,response to interferon-gamma (GO:0034341),2/80,0.1906887482391839,0.3418589793651286,0,0,2.554001554001554,4.232268591096898,CCL14;CCL11
GO_Biological_Process_2021,positive regulation of Wnt signaling pathway (GO:0030177),3/153,0.1976462515148267,0.3475515284011521,0,0,1.9949238578680204,3.2343230796548723,SFRP1;GPRC5B;EGFR
GO_Biological_Process_2021,regulation of cyclin-dependent protein serine/threonine kinase activity (GO:0000079),2/82,0.1979403391192459,0.3475515284011521,0,0,2.48989898989899,4.033112516956104,CCNB1;EGFR
GO_Biological_Process_2021,positive regulation of cytoskeleton organization (GO:0051495),2/82,0.1979403391192459,0.3475515284011521,0,0,2.48989898989899,4.033112516956104,CCL11;LMOD1
GO_Biological_Process_2021,protein mannosylation (GO:0035268),1/22,0.1984625719282345,0.3475515284011521,0,0,4.732950466618808,7.653913334056085,TMTC1
GO_Biological_Process_2021,negative regulation of B cell activation (GO:0050869),1/22,0.1984625719282345,0.3475515284011521,0,0,4.732950466618808,7.653913334056085,SFRP1
GO_Biological_Process_2021,regulation of adenylate cyclase activity (GO:0045761),1/22,0.1984625719282345,0.3475515284011521,0,0,4.732950466618808,7.653913334056085,EDNRB
GO_Biological_Process_2021,regulation of cardiac muscle cell membrane repolarization (GO:0099623),1/22,0.1984625719282345,0.3475515284011521,0,0,4.732950466618808,7.653913334056085,SCN4B
GO_Biological_Process_2021,negative regulation of interleukin-2 production (GO:0032703),1/22,0.1984625719282345,0.3475515284011521,0,0,4.732950466618808,7.653913334056085,PRNP
GO_Biological_Process_2021,regulation of centrosome cycle (GO:0046605),1/22,0.1984625719282345,0.3475515284011521,0,0,4.732950466618808,7.653913334056085,AURKA
GO_Biological_Process_2021,cell projection assembly (GO:0030031),1/22,0.1984625719282345,0.3475515284011521,0,0,4.732950466618808,7.653913334056085,RHOJ
GO_Biological_Process_2021,cellular response to nerve growth factor stimulus (GO:1990090),1/22,0.1984625719282345,0.3475515284011521,0,0,4.732950466618808,7.653913334056085,NTRK2
GO_Biological_Process_2021,cellular response to osmotic stress (GO:0071470),1/22,0.1984625719282345,0.3475515284011521,0,0,4.732950466618808,7.653913334056085,AQP1
GO_Biological_Process_2021,neuronal action potential (GO:0019228),1/22,0.1984625719282345,0.3475515284011521,0,0,4.732950466618808,7.653913334056085,SCN3A
GO_Biological_Process_2021,regulation of platelet activation (GO:0010543),1/22,0.1984625719282345,0.3475515284011521,0,0,4.732950466618808,7.653913334056085,PLA2G4A
GO_Biological_Process_2021,phosphatidylserine acyl-chain remodeling (GO:0036150),1/22,0.1984625719282345,0.3475515284011521,0,0,4.732950466618808,7.653913334056085,PLA2G4A
GO_Biological_Process_2021,regulation of response to cytokine stimulus (GO:0060759),1/22,0.1984625719282345,0.3475515284011521,0,0,4.732950466618808,7.653913334056085,LIFR
GO_Biological_Process_2021,positive regulation of dendritic spine development (GO:0060999),1/22,0.1984625719282345,0.3475515284011521,0,0,4.732950466618808,7.653913334056085,RELN
GO_Biological_Process_2021,regulation of voltage-gated calcium channel activity (GO:1901385),1/22,0.1984625719282345,0.3475515284011521,0,0,4.732950466618808,7.653913334056085,DMD
GO_Biological_Process_2021,limb morphogenesis (GO:0035108),1/22,0.1984625719282345,0.3475515284011521,0,0,4.732950466618808,7.653913334056085,PTCH1
GO_Biological_Process_2021,peptide metabolic process (GO:0006518),2/83,0.2015788294152306,0.3521498771779455,0,0,2.4590347923681257,3.938328060173813,MME;DMD
GO_Biological_Process_2021,regulation of osteoblast differentiation (GO:0045667),2/83,0.2015788294152306,0.3521498771779455,0,0,2.4590347923681257,3.938328060173813,PTCH1;CRIM1
GO_Biological_Process_2021,regulation of signal transduction by p53 class mediator (GO:1901796),3/156,0.2053335698604685,0.3555335602559686,0,0,1.9555091071961777,3.0958045065555937,TPX2;CDK1;AURKA
GO_Biological_Process_2021,acylglycerol biosynthetic process (GO:0046463),1/23,0.2064867613185778,0.3555335602559686,0,0,4.517587939698492,7.126580711797677,PLA2G4A
GO_Biological_Process_2021,artery development (GO:0060840),1/23,0.2064867613185778,0.3555335602559686,0,0,4.517587939698492,7.126580711797677,PDE2A
GO_Biological_Process_2021,regulation of calcium ion transmembrane transport (GO:1903169),1/23,0.2064867613185778,0.3555335602559686,0,0,4.517587939698492,7.126580711797677,PRNP
GO_Biological_Process_2021,blood vessel endothelial cell migration (GO:0043534),1/23,0.2064867613185778,0.3555335602559686,0,0,4.517587939698492,7.126580711797677,FGF2
GO_Biological_Process_2021,negative regulation of smoothened signaling pathway (GO:0045879),1/23,0.2064867613185778,0.3555335602559686,0,0,4.517587939698492,7.126580711797677,PTCH1
GO_Biological_Process_2021,ERK1 and ERK2 cascade (GO:0070371),1/23,0.2064867613185778,0.3555335602559686,0,0,4.517587939698492,7.126580711797677,CDK1
GO_Biological_Process_2021,regulation of release of sequestered calcium ion into cytosol by sarcoplasmic reticulum (GO:0010880),1/23,0.2064867613185778,0.3555335602559686,0,0,4.517587939698492,7.126580711797677,DMD
GO_Biological_Process_2021,response to nutrient levels (GO:0031667),1/23,0.2064867613185778,0.3555335602559686,0,0,4.517587939698492,7.126580711797677,FAM107A
GO_Biological_Process_2021,hyaluronan metabolic process (GO:0030212),1/23,0.2064867613185778,0.3555335602559686,0,0,4.517587939698492,7.126580711797677,FGF2
GO_Biological_Process_2021,positive regulation of morphogenesis of an epithelium (GO:1905332),1/23,0.2064867613185778,0.3555335602559686,0,0,4.517587939698492,7.126580711797677,FGF2
GO_Biological_Process_2021,positive regulation of protein autophosphorylation (GO:0031954),1/23,0.2064867613185778,0.3555335602559686,0,0,4.517587939698492,7.126580711797677,PDGFD
GO_Biological_Process_2021,negative regulation of cellular amide metabolic process (GO:0034249),2/86,0.2125388044387241,0.3618365947853563,0,0,2.370851370851371,3.671573213687656,NTRK2;PRNP
GO_Biological_Process_2021,protein autophosphorylation (GO:0046777),3/159,0.2130886861186362,0.3618365947853563,0,0,1.9176103084732523,2.9647153446790657,NTRK2;EGFR;AURKA
GO_Biological_Process_2021,purine ribonucleotide catabolic process (GO:0009154),1/24,0.2144310182188985,0.3618365947853563,0,0,4.320952589032117,6.653261007649563,PDE2A
GO_Biological_Process_2021,regulation of axon extension involved in axon guidance (GO:0048841),1/24,0.2144310182188985,0.3618365947853563,0,0,4.320952589032117,6.653261007649563,SEMA6A
GO_Biological_Process_2021,regulation of cellular response to transforming growth factor beta stimulus (GO:1903844),1/24,0.2144310182188985,0.3618365947853563,0,0,4.320952589032117,6.653261007649563,TGFBR3
GO_Biological_Process_2021,cardiac muscle cell development (GO:0055013),1/24,0.2144310182188985,0.3618365947853563,0,0,4.320952589032117,6.653261007649563,MYH11
GO_Biological_Process_2021,cardiac muscle cell differentiation (GO:0055007),1/24,0.2144310182188985,0.3618365947853563,0,0,4.320952589032117,6.653261007649563,MYH11
GO_Biological_Process_2021,negative regulation of ossification (GO:0030279),1/24,0.2144310182188985,0.3618365947853563,0,0,4.320952589032117,6.653261007649563,SFRP1
GO_Biological_Process_2021,negative regulation of protein depolymerization (GO:1901880),1/24,0.2144310182188985,0.3618365947853563,0,0,4.320952589032117,6.653261007649563,TPX2
GO_Biological_Process_2021,negative regulation of stress fiber assembly (GO:0051497),1/24,0.2144310182188985,0.3618365947853563,0,0,4.320952589032117,6.653261007649563,MET
GO_Biological_Process_2021,regulation of monooxygenase activity (GO:0032768),1/24,0.2144310182188985,0.3618365947853563,0,0,4.320952589032117,6.653261007649563,EGFR
GO_Biological_Process_2021,phospholipid catabolic process (GO:0009395),1/24,0.2144310182188985,0.3618365947853563,0,0,4.320952589032117,6.653261007649563,PLA2G4A
GO_Biological_Process_2021,positive regulation of cell-substrate junction organization (GO:0150117),1/24,0.2144310182188985,0.3618365947853563,0,0,4.320952589032117,6.653261007649563,SFRP1
GO_Biological_Process_2021,positive regulation of neuron apoptotic process (GO:0043525),1/24,0.2144310182188985,0.3618365947853563,0,0,4.320952589032117,6.653261007649563,PRNP
GO_Biological_Process_2021,leukotriene metabolic process (GO:0006691),1/24,0.2144310182188985,0.3618365947853563,0,0,4.320952589032117,6.653261007649563,PLA2G4A
GO_Biological_Process_2021,positive regulation of phospholipase activity (GO:0010518),1/24,0.2144310182188985,0.3618365947853563,0,0,4.320952589032117,6.653261007649563,FGF2
GO_Biological_Process_2021,positive regulation of protein targeting to membrane (GO:0090314),1/24,0.2144310182188985,0.3618365947853563,0,0,4.320952589032117,6.653261007649563,PRNP
GO_Biological_Process_2021,calcium ion transmembrane transport (GO:0070588),2/87,0.2162052764803214,0.3644023204527484,0,0,2.342840166369578,3.588122897733772,SLC24A2;RYR3
GO_Biological_Process_2021,transmembrane receptor protein tyrosine kinase signaling pathway (GO:0007169),6/404,0.2188070416751305,0.3669163788936667,0,0,1.5076931046987514,2.291037711530159,KL;NTRK2;PDGFD;FGF2;MET;EGFR
GO_Biological_Process_2021,positive regulation of neuron projection development (GO:0010976),2/88,0.2198775013707891,0.3669163788936667,0,0,2.315480385247827,3.5072227118932733,NTRK2;RELN
GO_Biological_Process_2021,negative regulation of antigen receptor-mediated signaling pathway (GO:0050858),1/25,0.2222961348450487,0.3669163788936667,0,0,4.14070351758794,6.226561570384656,PRNP
GO_Biological_Process_2021,acylglycerol homeostasis (GO:0055090),1/25,0.2222961348450487,0.3669163788936667,0,0,4.14070351758794,6.226561570384656,GPIHBP1
GO_Biological_Process_2021,negative regulation of cell junction assembly (GO:1901889),1/25,0.2222961348450487,0.3669163788936667,0,0,4.14070351758794,6.226561570384656,FAM107A
GO_Biological_Process_2021,receptor catabolic process (GO:0032801),1/25,0.2222961348450487,0.3669163788936667,0,0,4.14070351758794,6.226561570384656,GPRASP1
GO_Biological_Process_2021,receptor signaling pathway via STAT (GO:0097696),1/25,0.2222961348450487,0.3669163788936667,0,0,4.14070351758794,6.226561570384656,STAT5B
GO_Biological_Process_2021,regulation of AMPA receptor activity (GO:2000311),1/25,0.2222961348450487,0.3669163788936667,0,0,4.14070351758794,6.226561570384656,RELN
GO_Biological_Process_2021,regulation of calcium ion import (GO:0090279),1/25,0.2222961348450487,0.3669163788936667,0,0,4.14070351758794,6.226561570384656,PRNP
GO_Biological_Process_2021,regulation of cAMP-mediated signaling (GO:0043949),1/25,0.2222961348450487,0.3669163788936667,0,0,4.14070351758794,6.226561570384656,PDE2A
GO_Biological_Process_2021,cAMP-mediated signaling (GO:0019933),1/25,0.2222961348450487,0.3669163788936667,0,0,4.14070351758794,6.226561570384656,PDE2A
GO_Biological_Process_2021,regulation of microtubule depolymerization (GO:0031114),1/25,0.2222961348450487,0.3669163788936667,0,0,4.14070351758794,6.226561570384656,TPX2
GO_Biological_Process_2021,regulation of mitochondrial fission (GO:0090140),1/25,0.2222961348450487,0.3669163788936667,0,0,4.14070351758794,6.226561570384656,AURKA
GO_Biological_Process_2021,phosphatidylglycerol metabolic process (GO:0046471),1/25,0.2222961348450487,0.3669163788936667,0,0,4.14070351758794,6.226561570384656,PLA2G4A
GO_Biological_Process_2021,regulation of protein processing (GO:0070613),1/25,0.2222961348450487,0.3669163788936667,0,0,4.14070351758794,6.226561570384656,PRNP
GO_Biological_Process_2021,regulation of ryanodine-sensitive calcium-release channel activity (GO:0060314),1/25,0.2222961348450487,0.3669163788936667,0,0,4.14070351758794,6.226561570384656,DMD
GO_Biological_Process_2021,fat-soluble vitamin metabolic process (GO:0006775),1/25,0.2222961348450487,0.3669163788936667,0,0,4.14070351758794,6.226561570384656,ALDH1A2
GO_Biological_Process_2021,ventricular cardiac muscle tissue development (GO:0003229),1/25,0.2222961348450487,0.3669163788936667,0,0,4.14070351758794,6.226561570384656,TGFBR3
GO_Biological_Process_2021,regulation of cation channel activity (GO:2001257),2/89,0.2235550003741977,0.3677262090920365,0,0,2.2887495646116336,3.428770706989903,RELN;DMD
GO_Biological_Process_2021,collagen fibril organization (GO:0030199),2/89,0.2235550003741977,0.3677262090920365,0,0,2.2887495646116336,3.428770706989903,COL11A1;COL10A1
GO_Biological_Process_2021,post-Golgi vesicle-mediated transport (GO:0006892),2/89,0.2235550003741977,0.3677262090920365,0,0,2.2887495646116336,3.428770706989903,ARF1;RABIF
GO_Biological_Process_2021,protein phosphorylation (GO:0006468),7/496,0.2292925123304002,0.374177846278048,0,0,1.4323087192854191,2.1094423259892348,TGFBR3;NTRK2;CCL11;RELN;CDK1;EGFR;AURKA
GO_Biological_Process_2021,negative regulation of cell development (GO:0010721),1/26,0.2300828957266827,0.374177846278048,0,0,3.974874371859297,5.840344997302112,CCL11
GO_Biological_Process_2021,regulation of myelination (GO:0031641),1/26,0.2300828957266827,0.374177846278048,0,0,3.974874371859297,5.840344997302112,JAM2
GO_Biological_Process_2021,DNA geometric change (GO:0032392),1/26,0.2300828957266827,0.374177846278048,0,0,3.974874371859297,5.840344997302112,ANXA1
GO_Biological_Process_2021,phosphatidylethanolamine acyl-chain remodeling (GO:0036152),1/26,0.2300828957266827,0.374177846278048,0,0,3.974874371859297,5.840344997302112,PLA2G4A
GO_Biological_Process_2021,hippo signaling (GO:0035329),1/26,0.2300828957266827,0.374177846278048,0,0,3.974874371859297,5.840344997302112,AMOTL1
GO_Biological_Process_2021,positive regulation of interleukin-2 production (GO:0032743),1/26,0.2300828957266827,0.374177846278048,0,0,3.974874371859297,5.840344997302112,ANXA1
GO_Biological_Process_2021,positive regulation of ion transmembrane transporter activity (GO:0032414),1/26,0.2300828957266827,0.374177846278048,0,0,3.974874371859297,5.840344997302112,DMD
GO_Biological_Process_2021,positive regulation of microtubule polymerization or depolymerization (GO:0031112),1/26,0.2300828957266827,0.374177846278048,0,0,3.974874371859297,5.840344997302112,MET
GO_Biological_Process_2021,metanephros development (GO:0001656),1/26,0.2300828957266827,0.374177846278048,0,0,3.974874371859297,5.840344997302112,PTCH1
GO_Biological_Process_2021,cellular protein localization (GO:0034613),5/329,0.2338374623270416,0.3798536152733391,0,0,1.5413105413105412,2.23972306163611,CEP68;ARF1;DMD;EGFR;GPIHBP1
GO_Biological_Process_2021,negative regulation of mitotic cell cycle phase transition (GO:1901991),2/92,0.234614487227205,0.3806852018737474,0,0,2.212121212121212,3.2071589757618537,FAM107A;AURKA
GO_Biological_Process_2021,cellular response to cadmium ion (GO:0071276),1/27,0.2377920775242915,0.3823586198264179,0,0,3.821801314263626,5.489477227235043,EGFR
GO_Biological_Process_2021,peptide hormone secretion (GO:0030072),1/27,0.2377920775242915,0.3823586198264179,0,0,3.821801314263626,5.489477227235043,ANXA1
GO_Biological_Process_2021,positive regulation of erythrocyte differentiation (GO:0045648),1/27,0.2377920775242915,0.3823586198264179,0,0,3.821801314263626,5.489477227235043,STAT5B
GO_Biological_Process_2021,positive regulation of gene silencing by miRNA (GO:2000637),1/27,0.2377920775242915,0.3823586198264179,0,0,3.821801314263626,5.489477227235043,EGFR
GO_Biological_Process_2021,positive regulation of muscle cell differentiation (GO:0051149),1/27,0.2377920775242915,0.3823586198264179,0,0,3.821801314263626,5.489477227235043,BOC
GO_Biological_Process_2021,positive regulation of nuclear division (GO:0051785),1/27,0.2377920775242915,0.3823586198264179,0,0,3.821801314263626,5.489477227235043,AURKA
GO_Biological_Process_2021,modulation of excitatory postsynaptic potential (GO:0098815),1/27,0.2377920775242915,0.3823586198264179,0,0,3.821801314263626,5.489477227235043,RELN
GO_Biological_Process_2021,negative regulation of actin filament bundle assembly (GO:0032232),1/27,0.2377920775242915,0.3823586198264179,0,0,3.821801314263626,5.489477227235043,MET
GO_Biological_Process_2021,regulation of heart contraction (GO:0008016),2/93,0.2383084712706434,0.3823586198264179,0,0,2.187701187701188,3.1375777372613727,FXYD1;RYR3
GO_Biological_Process_2021,positive regulation of peptidyl-serine phosphorylation (GO:0033138),2/93,0.2383084712706434,0.3823586198264179,0,0,2.187701187701188,3.1375777372613727,SPRY2;EGFR
GO_Biological_Process_2021,negative regulation of cellular protein metabolic process (GO:0032269),2/94,0.2420054666899618,0.3860311230759368,0,0,2.163812033377251,3.070005614813883,EDNRB;CST4
GO_Biological_Process_2021,negative regulation of MAPK cascade (GO:0043409),2/94,0.2420054666899618,0.3860311230759368,0,0,2.163812033377251,3.070005614813883,SEMA6A;SPRY2
GO_Biological_Process_2021,positive regulation of epithelial cell migration (GO:0010634),2/94,0.2420054666899618,0.3860311230759368,0,0,2.163812033377251,3.070005614813883,ATOH8;FGF2
GO_Biological_Process_2021,hemopoiesis (GO:0030097),2/94,0.2420054666899618,0.3860311230759368,0,0,2.163812033377251,3.070005614813883,TGFBR3;SFRP1
GO_Biological_Process_2021,positive regulation of I-kappaB kinase/NF-kappaB signaling (GO:0043123),3/171,0.2446846414909542,0.3860311230759368,0,0,1.779550398839739,2.5052244919637907,GPRC5B;PELI2;S100B
GO_Biological_Process_2021,regulation of calcineurin-NFAT signaling cascade (GO:0070884),1/28,0.2454244493195781,0.3860311230759368,0,0,3.680067001675042,5.169633447658624,PRNP
GO_Biological_Process_2021,regulation of calcium-mediated signaling (GO:0050848),1/28,0.2454244493195781,0.3860311230759368,0,0,3.680067001675042,5.169633447658624,RGN
GO_Biological_Process_2021,regulation of muscle contraction (GO:0006937),1/28,0.2454244493195781,0.3860311230759368,0,0,3.680067001675042,5.169633447658624,PPP1R12B
GO_Biological_Process_2021,glycerophospholipid catabolic process (GO:0046475),1/28,0.2454244493195781,0.3860311230759368,0,0,3.680067001675042,5.169633447658624,PLA2G4A
GO_Biological_Process_2021,positive regulation of fibroblast proliferation (GO:0048146),1/28,0.2454244493195781,0.3860311230759368,0,0,3.680067001675042,5.169633447658624,AQP1
GO_Biological_Process_2021,response to ketone (GO:1901654),1/28,0.2454244493195781,0.3860311230759368,0,0,3.680067001675042,5.169633447658624,TGFBR3
GO_Biological_Process_2021,positive regulation of microtubule polymerization (GO:0031116),1/28,0.2454244493195781,0.3860311230759368,0,0,3.680067001675042,5.169633447658624,MET
GO_Biological_Process_2021,positive regulation of phosphatidylinositol 3-kinase activity (GO:0043552),1/28,0.2454244493195781,0.3860311230759368,0,0,3.680067001675042,5.169633447658624,FGF2
GO_Biological_Process_2021,sulfur compound transport (GO:0072348),1/28,0.2454244493195781,0.3860311230759368,0,0,3.680067001675042,5.169633447658624,RACGAP1
GO_Biological_Process_2021,positive regulation of response to wounding (GO:1903036),1/28,0.2454244493195781,0.3860311230759368,0,0,3.680067001675042,5.169633447658624,ANXA1
GO_Biological_Process_2021,ventricular septum morphogenesis (GO:0060412),1/28,0.2454244493195781,0.3860311230759368,0,0,3.680067001675042,5.169633447658624,TGFBR3
GO_Biological_Process_2021,protein localization to cell surface (GO:0034394),1/28,0.2454244493195781,0.3860311230759368,0,0,3.680067001675042,5.169633447658624,GPIHBP1
GO_Biological_Process_2021,positive regulation of signal transduction (GO:0009967),4/252,0.2455111752970841,0.3860311230759368,0,0,1.608953258722844,2.259634570821855,SFRP1;TTC23;RELN;TSLP
GO_Biological_Process_2021,regulation of cell cycle phase transition (GO:1901987),2/95,0.2457050463032076,0.3860311230759368,0,0,2.140436624307592,3.004367063071291,CCNB1;CDK1
GO_Biological_Process_2021,neuron differentiation (GO:0030182),3/174,0.2527026345793082,0.3916663536839047,0,0,1.7480630510285866,2.4045338637649905,NTRK2;ATOH8;MET
GO_Biological_Process_2021,actin filament polymerization (GO:0030041),1/29,0.252980772589684,0.3916663536839047,0,0,3.548456568557071,4.877147000705543,FAM107A
GO_Biological_Process_2021,regulation of calcium ion transmembrane transporter activity (GO:1901019),1/29,0.252980772589684,0.3916663536839047,0,0,3.548456568557071,4.877147000705543,DMD
GO_Biological_Process_2021,negative regulation of interferon-gamma production (GO:0032689),1/29,0.252980772589684,0.3916663536839047,0,0,3.548456568557071,4.877147000705543,PRNP
GO_Biological_Process_2021,negative regulation of myeloid leukocyte differentiation (GO:0002762),1/29,0.252980772589684,0.3916663536839047,0,0,3.548456568557071,4.877147000705543,HOXA7
GO_Biological_Process_2021,regulation of DNA biosynthetic process (GO:2000278),1/29,0.252980772589684,0.3916663536839047,0,0,3.548456568557071,4.877147000705543,FGF2
GO_Biological_Process_2021,negative regulation of wound healing (GO:0061045),1/29,0.252980772589684,0.3916663536839047,0,0,3.548456568557071,4.877147000705543,FGF2
GO_Biological_Process_2021,regulation of protein targeting to membrane (GO:0090313),1/29,0.252980772589684,0.3916663536839047,0,0,3.548456568557071,4.877147000705543,PRNP
GO_Biological_Process_2021,establishment of endothelial barrier (GO:0061028),1/29,0.252980772589684,0.3916663536839047,0,0,3.548456568557071,4.877147000705543,PDE2A
GO_Biological_Process_2021,positive regulation of extrinsic apoptotic signaling pathway (GO:2001238),1/29,0.252980772589684,0.3916663536839047,0,0,3.548456568557071,4.877147000705543,SFRP1
GO_Biological_Process_2021,response to cadmium ion (GO:0046686),1/29,0.252980772589684,0.3916663536839047,0,0,3.548456568557071,4.877147000705543,EGFR
GO_Biological_Process_2021,limb development (GO:0060173),1/29,0.252980772589684,0.3916663536839047,0,0,3.548456568557071,4.877147000705543,PTCH1
GO_Biological_Process_2021,protein K11-linked ubiquitination (GO:0070979),1/29,0.252980772589684,0.3916663536839047,0,0,3.548456568557071,4.877147000705543,UBE2T
GO_Biological_Process_2021,protein maturation (GO:0051604),2/97,0.253110289845866,0.3916663536839047,0,0,2.095162147793727,2.878606039624586,MME;PTCH1
GO_Biological_Process_2021,antigen processing and presentation of exogenous peptide antigen via MHC class II (GO:0019886),2/98,0.2568151396703299,0.3954058684850284,0,0,2.073232323232323,2.818349436543183,ARF1;RACGAP1
GO_Biological_Process_2021,regulation of neuron apoptotic process (GO:0043523),2/98,0.2568151396703299,0.3954058684850284,0,0,2.073232323232323,2.818349436543183,PRNP;NTRK2
GO_Biological_Process_2021,positive regulation of cell differentiation (GO:0045597),4/258,0.2585786629207913,0.3954058684850284,0,0,1.5704644062349349,2.124139996981437,SFRP1;GPRC5B;BOC;HOXA5
GO_Biological_Process_2021,negative regulation of Notch signaling pathway (GO:0045746),1/30,0.2604618012849767,0.3954058684850284,0,0,3.425922717033443,4.608890626901229,EGFR
GO_Biological_Process_2021,cell projection organization (GO:0030030),1/30,0.2604618012849767,0.3954058684850284,0,0,3.425922717033443,4.608890626901229,RHOJ
GO_Biological_Process_2021,CENP-A containing chromatin organization (GO:0061641),1/30,0.2604618012849767,0.3954058684850284,0,0,3.425922717033443,4.608890626901229,CENPL
GO_Biological_Process_2021,CENP-A containing nucleosome assembly (GO:0034080),1/30,0.2604618012849767,0.3954058684850284,0,0,3.425922717033443,4.608890626901229,CENPL
GO_Biological_Process_2021,regulation of macrophage activation (GO:0043030),1/30,0.2604618012849767,0.3954058684850284,0,0,3.425922717033443,4.608890626901229,IL33
GO_Biological_Process_2021,phosphatidylcholine acyl-chain remodeling (GO:0036151),1/30,0.2604618012849767,0.3954058684850284,0,0,3.425922717033443,4.608890626901229,PLA2G4A
GO_Biological_Process_2021,regulation of striated muscle contraction (GO:0006942),1/30,0.2604618012849767,0.3954058684850284,0,0,3.425922717033443,4.608890626901229,DMD
GO_Biological_Process_2021,respiratory tube development (GO:0030323),1/30,0.2604618012849767,0.3954058684850284,0,0,3.425922717033443,4.608890626901229,FGF2
GO_Biological_Process_2021,response to alcohol (GO:0097305),1/30,0.2604618012849767,0.3954058684850284,0,0,3.425922717033443,4.608890626901229,TGFBR3
GO_Biological_Process_2021,positive regulation of lipid kinase activity (GO:0090218),1/30,0.2604618012849767,0.3954058684850284,0,0,3.425922717033443,4.608890626901229,FGF2
GO_Biological_Process_2021,positive regulation of phosphate metabolic process (GO:0045937),1/30,0.2604618012849767,0.3954058684850284,0,0,3.425922717033443,4.608890626901229,EGFR
GO_Biological_Process_2021,positive regulation of small GTPase mediated signal transduction (GO:0051057),1/30,0.2604618012849767,0.3954058684850284,0,0,3.425922717033443,4.608890626901229,RELN
GO_Biological_Process_2021,microtubule polymerization (GO:0046785),1/30,0.2604618012849767,0.3954058684850284,0,0,3.425922717033443,4.608890626901229,TPX2
GO_Biological_Process_2021,organic anion transport (GO:0015711),2/99,0.2605209452628556,0.3954058684850284,0,0,2.0517546600020826,2.7597577787968723,CA4;AQP1
GO_Biological_Process_2021,response to UV (GO:0009411),2/99,0.2605209452628556,0.3954058684850284,0,0,2.0517546600020826,2.7597577787968723,EGFR;AQP1
GO_Biological_Process_2021,glycerophospholipid biosynthetic process (GO:0046474),3/177,0.2607586054702798,0.3954058684850284,0,0,1.717661473831612,2.308812160797434,ARF1;PLA2G4A;FGF2
GO_Biological_Process_2021,antigen processing and presentation of peptide antigen via MHC class II (GO:0002495),2/100,0.2642273190435063,0.3991214242687534,0,0,2.0307153164296023,2.702771390555414,ARF1;RACGAP1
GO_Biological_Process_2021,regulation of transforming growth factor beta receptor signaling pathway (GO:0017015),2/100,0.2642273190435063,0.3991214242687534,0,0,2.0307153164296023,2.702771390555414,TGFBR3;SPRY2
GO_Biological_Process_2021,negative regulation of axon extension (GO:0030517),1/31,0.2678682819607093,0.3991214242687534,0,0,3.3115577889447234,4.362182296847866,SEMA6A
GO_Biological_Process_2021,receptor signaling pathway via JAK-STAT (GO:0007259),1/31,0.2678682819607093,0.3991214242687534,0,0,3.3115577889447234,4.362182296847866,STAT5B
GO_Biological_Process_2021,negative regulation of peptidyl-tyrosine phosphorylation (GO:0050732),1/31,0.2678682819607093,0.3991214242687534,0,0,3.3115577889447234,4.362182296847866,SFRP1
GO_Biological_Process_2021,regulation of developmental growth (GO:0048638),1/31,0.2678682819607093,0.3991214242687534,0,0,3.3115577889447234,4.362182296847866,STAT5B
GO_Biological_Process_2021,regulation of macrophage derived foam cell differentiation (GO:0010743),1/31,0.2678682819607093,0.3991214242687534,0,0,3.3115577889447234,4.362182296847866,ABCA5
GO_Biological_Process_2021,peptide cross-linking (GO:0018149),1/31,0.2678682819607093,0.3991214242687534,0,0,3.3115577889447234,4.362182296847866,ANXA1
GO_Biological_Process_2021,regulation of transmembrane receptor protein serine/threonine kinase signaling pathway (GO:0090092),1/31,0.2678682819607093,0.3991214242687534,0,0,3.3115577889447234,4.362182296847866,TGFBR3
GO_Biological_Process_2021,renal water homeostasis (GO:0003091),1/31,0.2678682819607093,0.3991214242687534,0,0,3.3115577889447234,4.362182296847866,AQP1
GO_Biological_Process_2021,positive regulation of mononuclear cell migration (GO:0071677),1/31,0.2678682819607093,0.3991214242687534,0,0,3.3115577889447234,4.362182296847866,JAM2
GO_Biological_Process_2021,steroid hormone biosynthetic process (GO:0120178),1/31,0.2678682819607093,0.3991214242687534,0,0,3.3115577889447234,4.362182296847866,HSD17B6
GO_Biological_Process_2021,triglyceride homeostasis (GO:0070328),1/31,0.2678682819607093,0.3991214242687534,0,0,3.3115577889447234,4.362182296847866,GPIHBP1
GO_Biological_Process_2021,positive regulation of ubiquitin-protein transferase activity (GO:0051443),1/31,0.2678682819607093,0.3991214242687534,0,0,3.3115577889447234,4.362182296847866,CDC14B
GO_Biological_Process_2021,prostaglandin metabolic process (GO:0006693),1/31,0.2678682819607093,0.3991214242687534,0,0,3.3115577889447234,4.362182296847866,PLA2G4A
GO_Biological_Process_2021,epithelial cell differentiation (GO:0030855),2/101,0.2679338809157927,0.3991214242687534,0,0,2.01010101010101,2.647333266062948,ANXA1;CDK1
GO_Biological_Process_2021,positive regulation of protein localization to membrane (GO:1905477),2/101,0.2679338809157927,0.3991214242687534,0,0,2.01010101010101,2.647333266062948,PRNP;EGFR
GO_Biological_Process_2021,positive regulation of cell growth (GO:0030307),2/102,0.2716402584331571,0.4030550255207182,0,0,1.9898989898989896,2.593388923930461,SFRP1;EGFR
GO_Biological_Process_2021,positive regulation of vasculature development (GO:1904018),2/102,0.2716402584331571,0.4030550255207182,0,0,1.9898989898989896,2.593388923930461,FGF2;AQP1
GO_Biological_Process_2021,negative regulation of chemotaxis (GO:0050922),1/32,0.2752009537742224,0.4030550255207182,0,0,3.204571243313341,4.1347099266061775,SEMA6A
GO_Biological_Process_2021,negative regulation of developmental growth (GO:0048640),1/32,0.2752009537742224,0.4030550255207182,0,0,3.204571243313341,4.1347099266061775,PTCH1
GO_Biological_Process_2021,negative regulation of intracellular steroid hormone receptor signaling pathway (GO:0033144),1/32,0.2752009537742224,0.4030550255207182,0,0,3.204571243313341,4.1347099266061775,SFRP1
GO_Biological_Process_2021,negative regulation of microtubule polymerization or depolymerization (GO:0031111),1/32,0.2752009537742224,0.4030550255207182,0,0,3.204571243313341,4.1347099266061775,TPX2
GO_Biological_Process_2021,cardiac muscle tissue morphogenesis (GO:0055008),1/32,0.2752009537742224,0.4030550255207182,0,0,3.204571243313341,4.1347099266061775,TGFBR3
GO_Biological_Process_2021,regulation of dendritic spine morphogenesis (GO:0061001),1/32,0.2752009537742224,0.4030550255207182,0,0,3.204571243313341,4.1347099266061775,RELN
GO_Biological_Process_2021,chondrocyte differentiation (GO:0002062),1/32,0.2752009537742224,0.4030550255207182,0,0,3.204571243313341,4.1347099266061775,NFIB
GO_Biological_Process_2021,chromatin remodeling at centromere (GO:0031055),1/32,0.2752009537742224,0.4030550255207182,0,0,3.204571243313341,4.1347099266061775,CENPL
GO_Biological_Process_2021,regulation of NMDA receptor activity (GO:2000310),1/32,0.2752009537742224,0.4030550255207182,0,0,3.204571243313341,4.1347099266061775,RELN
GO_Biological_Process_2021,endodermal cell differentiation (GO:0035987),1/32,0.2752009537742224,0.4030550255207182,0,0,3.204571243313341,4.1347099266061775,COL11A1
GO_Biological_Process_2021,hematopoietic progenitor cell differentiation (GO:0002244),1/32,0.2752009537742224,0.4030550255207182,0,0,3.204571243313341,4.1347099266061775,SFRP1
GO_Biological_Process_2021,positive regulation of interleukin-10 production (GO:0032733),1/32,0.2752009537742224,0.4030550255207182,0,0,3.204571243313341,4.1347099266061775,TSLP
GO_Biological_Process_2021,positive regulation of receptor signaling pathway via STAT (GO:1904894),1/32,0.2752009537742224,0.4030550255207182,0,0,3.204571243313341,4.1347099266061775,TSLP
GO_Biological_Process_2021,modulation by host of symbiont process (GO:0051851),1/32,0.2752009537742224,0.4030550255207182,0,0,3.204571243313341,4.1347099266061775,AQP1
GO_Biological_Process_2021,antigen processing and presentation of exogenous peptide antigen (GO:0002478),2/103,0.2753460863759224,0.4030550255207182,0,0,1.97009700970097,2.5408862749711147,ARF1;RACGAP1
GO_Biological_Process_2021,actin filament bundle assembly (GO:0051017),1/33,0.2824605485993796,0.4097232136063855,0,0,3.1042713567839195,3.9244707255325473,FAM107A
GO_Biological_Process_2021,actin filament bundle organization (GO:0061572),1/33,0.2824605485993796,0.4097232136063855,0,0,3.1042713567839195,3.9244707255325473,FAM107A
GO_Biological_Process_2021,apoptotic cell clearance (GO:0043277),1/33,0.2824605485993796,0.4097232136063855,0,0,3.1042713567839195,3.9244707255325473,ANXA1
GO_Biological_Process_2021,regulation of interleukin-17 production (GO:0032660),1/33,0.2824605485993796,0.4097232136063855,0,0,3.1042713567839195,3.9244707255325473,PRNP
GO_Biological_Process_2021,positive regulation of organelle organization (GO:0010638),1/33,0.2824605485993796,0.4097232136063855,0,0,3.1042713567839195,3.9244707255325473,ANXA1
GO_Biological_Process_2021,vasculogenesis (GO:0001570),1/33,0.2824605485993796,0.4097232136063855,0,0,3.1042713567839195,3.9244707255325473,TGFBR3
GO_Biological_Process_2021,primary alcohol metabolic process (GO:0034308),1/33,0.2824605485993796,0.4097232136063855,0,0,3.1042713567839195,3.9244707255325473,ADH1C
GO_Biological_Process_2021,negative chemotaxis (GO:0050919),1/33,0.2824605485993796,0.4097232136063855,0,0,3.1042713567839195,3.9244707255325473,SEMA6A
GO_Biological_Process_2021,regulation of JNK cascade (GO:0046328),2/105,0.2827546689999499,0.4097232136063855,0,0,1.931646562714524,2.440008904942008,TGFBR3;EGFR
GO_Biological_Process_2021,positive regulation of cellular metabolic process (GO:0031325),2/105,0.2827546689999499,0.4097232136063855,0,0,1.931646562714524,2.440008904942008,CCNB1;CDK1
GO_Biological_Process_2021,regulation of gene expression (GO:0010468),13/1079,0.2841892772968609,0.4113868973773107,0,0,1.221729490022173,1.5370759450006215,BTNL9;IL33;NTRK2;CALCOCO1;PDE2A;FGF2;NKAPL;AURKA;SFRP1;ATOH8;SPRY2;ZNF502;HOXA5
GO_Biological_Process_2021,protein processing (GO:0016485),2/106,0.2864567291305087,0.414251624402226,0,0,1.912975912975913,2.3915408635892965,MME;PTCH1
GO_Biological_Process_2021,regulation of activated T cell proliferation (GO:0046006),1/34,0.2896477910754225,0.4142771195062816,0,0,3.010050251256281,3.7297219848476746,PRNP
GO_Biological_Process_2021,cell-substrate junction assembly (GO:0007044),1/34,0.2896477910754225,0.4142771195062816,0,0,3.010050251256281,3.7297219848476746,THSD1
GO_Biological_Process_2021,central nervous system neuron differentiation (GO:0021953),1/34,0.2896477910754225,0.4142771195062816,0,0,3.010050251256281,3.7297219848476746,NTRK2
GO_Biological_Process_2021,regulation of keratinocyte differentiation (GO:0045616),1/34,0.2896477910754225,0.4142771195062816,0,0,3.010050251256281,3.7297219848476746,HOXA7
GO_Biological_Process_2021,organelle disassembly (GO:1903008),1/34,0.2896477910754225,0.4142771195062816,0,0,3.010050251256281,3.7297219848476746,CDK1
GO_Biological_Process_2021,regulation of myoblast differentiation (GO:0045661),1/34,0.2896477910754225,0.4142771195062816,0,0,3.010050251256281,3.7297219848476746,BOC
GO_Biological_Process_2021,phosphatidylserine metabolic process (GO:0006658),1/34,0.2896477910754225,0.4142771195062816,0,0,3.010050251256281,3.7297219848476746,PLA2G4A
GO_Biological_Process_2021,epithelial tube morphogenesis (GO:0060562),1/34,0.2896477910754225,0.4142771195062816,0,0,3.010050251256281,3.7297219848476746,MET
GO_Biological_Process_2021,striated muscle tissue development (GO:0014706),1/34,0.2896477910754225,0.4142771195062816,0,0,3.010050251256281,3.7297219848476746,PGM5
GO_Biological_Process_2021,ventricular cardiac muscle tissue morphogenesis (GO:0055010),1/34,0.2896477910754225,0.4142771195062816,0,0,3.010050251256281,3.7297219848476746,TGFBR3
GO_Biological_Process_2021,protein destabilization (GO:0031648),1/34,0.2896477910754225,0.4142771195062816,0,0,3.010050251256281,3.7297219848476746,PRNP
GO_Biological_Process_2021,negative regulation of transmembrane receptor protein serine/threonine kinase signaling pathway (GO:0090101),2/108,0.2938547028204486,0.4165711051905446,0,0,1.8766914427291783,2.298327412458919,CRIM1;SPRY2
GO_Biological_Process_2021,negative regulation of cell cycle G1/S phase transition (GO:1902807),1/35,0.2967633987534311,0.4165711051905446,0,0,2.9213715637008573,3.54894088012851,FAM107A
GO_Biological_Process_2021,regulation of blood circulation (GO:1903522),1/35,0.2967633987534311,0.4165711051905446,0,0,2.9213715637008573,3.54894088012851,FXYD1
GO_Biological_Process_2021,blood vessel diameter maintenance (GO:0097746),1/35,0.2967633987534311,0.4165711051905446,0,0,2.9213715637008573,3.54894088012851,EDNRB
GO_Biological_Process_2021,negative regulation of neurogenesis (GO:0050768),1/35,0.2967633987534311,0.4165711051905446,0,0,2.9213715637008573,3.54894088012851,CCL11
GO_Biological_Process_2021,cellular response to amyloid-beta (GO:1904646),1/35,0.2967633987534311,0.4165711051905446,0,0,2.9213715637008573,3.54894088012851,PRNP
GO_Biological_Process_2021,negative regulation of T cell proliferation (GO:0042130),1/35,0.2967633987534311,0.4165711051905446,0,0,2.9213715637008573,3.54894088012851,PRNP
GO_Biological_Process_2021,cellular response to virus (GO:0098586),1/35,0.2967633987534311,0.4165711051905446,0,0,2.9213715637008573,3.54894088012851,ARF1
GO_Biological_Process_2021,regulation of mitotic spindle organization (GO:0060236),1/35,0.2967633987534311,0.4165711051905446,0,0,2.9213715637008573,3.54894088012851,TPX2
GO_Biological_Process_2021,regulation of muscle cell differentiation (GO:0051147),1/35,0.2967633987534311,0.4165711051905446,0,0,2.9213715637008573,3.54894088012851,BOC
GO_Biological_Process_2021,regulation of phosphatidylinositol 3-kinase activity (GO:0043551),1/35,0.2967633987534311,0.4165711051905446,0,0,2.9213715637008573,3.54894088012851,FGF2
GO_Biological_Process_2021,regulation of T cell receptor signaling pathway (GO:0050856),1/35,0.2967633987534311,0.4165711051905446,0,0,2.9213715637008573,3.54894088012851,PRNP
GO_Biological_Process_2021,regulation of trans-synaptic signaling (GO:0099177),1/35,0.2967633987534311,0.4165711051905446,0,0,2.9213715637008573,3.54894088012851,RELN
GO_Biological_Process_2021,respiratory system development (GO:0060541),1/35,0.2967633987534311,0.4165711051905446,0,0,2.9213715637008573,3.54894088012851,FGF2
GO_Biological_Process_2021,response to estrogen (GO:0043627),1/35,0.2967633987534311,0.4165711051905446,0,0,2.9213715637008573,3.54894088012851,SFRP1
GO_Biological_Process_2021,smoothened signaling pathway (GO:0007224),1/35,0.2967633987534311,0.4165711051905446,0,0,2.9213715637008573,3.54894088012851,PTCH1
GO_Biological_Process_2021,lung development (GO:0030324),1/35,0.2967633987534311,0.4165711051905446,0,0,2.9213715637008573,3.54894088012851,FGF2
GO_Biological_Process_2021,positive regulation of reproductive process (GO:2000243),1/35,0.2967633987534311,0.4165711051905446,0,0,2.9213715637008573,3.54894088012851,TACR1
GO_Biological_Process_2021,muscle cell differentiation (GO:0042692),1/35,0.2967633987534311,0.4165711051905446,0,0,2.9213715637008573,3.54894088012851,DMD
GO_Biological_Process_2021,regulation of protein ubiquitination (GO:0031396),2/109,0.2975499631159602,0.4172673310883973,0,0,1.8590578684036627,2.2534999856206213,FAM107A;SPRY2
GO_Biological_Process_2021,regulation of interleukin-6 production (GO:0032675),2/110,0.3012423146906411,0.4215153678547254,0,0,1.8417508417508417,2.209806893363538,IL33;TSLP
GO_Biological_Process_2021,regulation of androgen receptor signaling pathway (GO:0060765),1/36,0.3038080819844295,0.4215153678547254,0,0,2.8377602297200286,3.380791434126185,SFRP1
GO_Biological_Process_2021,regulation of ossification (GO:0030278),1/36,0.3038080819844295,0.4215153678547254,0,0,2.8377602297200286,3.380791434126185,SFRP1
GO_Biological_Process_2021,embryonic limb morphogenesis (GO:0030326),1/36,0.3038080819844295,0.4215153678547254,0,0,2.8377602297200286,3.380791434126185,PTCH1
GO_Biological_Process_2021,endoderm formation (GO:0001706),1/36,0.3038080819844295,0.4215153678547254,0,0,2.8377602297200286,3.380791434126185,COL11A1
GO_Biological_Process_2021,regulation of receptor internalization (GO:0002090),1/36,0.3038080819844295,0.4215153678547254,0,0,2.8377602297200286,3.380791434126185,ARF1
GO_Biological_Process_2021,positive regulation of bone mineralization (GO:0030501),1/36,0.3038080819844295,0.4215153678547254,0,0,2.8377602297200286,3.380791434126185,KL
GO_Biological_Process_2021,positive regulation of cytokine-mediated signaling pathway (GO:0001961),1/36,0.3038080819844295,0.4215153678547254,0,0,2.8377602297200286,3.380791434126185,TSLP
GO_Biological_Process_2021,retina homeostasis (GO:0001895),1/36,0.3038080819844295,0.4215153678547254,0,0,2.8377602297200286,3.380791434126185,CST4
GO_Biological_Process_2021,positive regulation of mitotic nuclear division (GO:0045840),1/36,0.3038080819844295,0.4215153678547254,0,0,2.8377602297200286,3.380791434126185,AURKA
GO_Biological_Process_2021,membrane fusion (GO:0061025),1/36,0.3038080819844295,0.4215153678547254,0,0,2.8377602297200286,3.380791434126185,RABIF
GO_Biological_Process_2021,regulation of Wnt signaling pathway (GO:0030111),2/111,0.3049314473928455,0.4226655969653727,0,0,1.8247613752200909,2.167211222684004,SFRP1;APCDD1
GO_Biological_Process_2021,cellular response to tumor necrosis factor (GO:0071356),3/194,0.3069082509477444,0.4249954178987087,0,0,1.5634251999893694,1.8467279035999289,CCL14;SFRP1;CCL11
GO_Biological_Process_2021,protein localization to membrane (GO:0072657),3/195,0.309639303702757,0.425437305571353,0,0,1.5552030456852792,1.823237928855138,PTCH1;SCN3B;FAM126A
GO_Biological_Process_2021,proton transmembrane transport (GO:1902600),1/37,0.3107825442509396,0.425437305571353,0,0,2.758793969849246,3.2240971983470845,SLC25A27
GO_Biological_Process_2021,negative regulation of endothelial cell proliferation (GO:0001937),1/37,0.3107825442509396,0.425437305571353,0,0,2.758793969849246,3.2240971983470845,ATOH8
GO_Biological_Process_2021,negative regulation of G1/S transition of mitotic cell cycle (GO:2000134),1/37,0.3107825442509396,0.425437305571353,0,0,2.758793969849246,3.2240971983470845,FAM107A
GO_Biological_Process_2021,centromere complex assembly (GO:0034508),1/37,0.3107825442509396,0.425437305571353,0,0,2.758793969849246,3.2240971983470845,CENPL
GO_Biological_Process_2021,neural crest cell migration (GO:0001755),1/37,0.3107825442509396,0.425437305571353,0,0,2.758793969849246,3.2240971983470845,SEMA6A
GO_Biological_Process_2021,regulation of microtubule cytoskeleton organization (GO:0070507),1/37,0.3107825442509396,0.425437305571353,0,0,2.758793969849246,3.2240971983470845,FAM107A
GO_Biological_Process_2021,phospholipid biosynthetic process (GO:0008654),1/37,0.3107825442509396,0.425437305571353,0,0,2.758793969849246,3.2240971983470845,ABCA8
GO_Biological_Process_2021,regulation of protein autophosphorylation (GO:0031952),1/37,0.3107825442509396,0.425437305571353,0,0,2.758793969849246,3.2240971983470845,PDGFD
GO_Biological_Process_2021,regulation of vascular associated smooth muscle cell proliferation (GO:1904705),1/37,0.3107825442509396,0.425437305571353,0,0,2.758793969849246,3.2240971983470845,FGF2
GO_Biological_Process_2021,positive regulation of signaling receptor activity (GO:2000273),1/37,0.3107825442509396,0.425437305571353,0,0,2.758793969849246,3.2240971983470845,RELN
GO_Biological_Process_2021,protein insertion into ER membrane (GO:0045048),1/37,0.3107825442509396,0.425437305571353,0,0,2.758793969849246,3.2240971983470845,PRNP
GO_Biological_Process_2021,response to lipid (GO:0033993),2/114,0.3159765270928876,0.4320068409847338,0,0,1.7756132756132756,2.045661592448686,STAT5B;ANXA1
GO_Biological_Process_2021,actin-myosin filament sliding (GO:0033275),1/38,0.3176874819497763,0.4320068409847338,0,0,2.684096156457965,3.07781854672427,DMD
GO_Biological_Process_2021,negative regulation of endothelial cell migration (GO:0010596),1/38,0.3176874819497763,0.4320068409847338,0,0,2.684096156457965,3.07781854672427,FGF2
GO_Biological_Process_2021,regulation of cell communication (GO:0010646),1/38,0.3176874819497763,0.4320068409847338,0,0,2.684096156457965,3.07781854672427,ANXA1
GO_Biological_Process_2021,positive regulation of cell development (GO:0010720),1/38,0.3176874819497763,0.4320068409847338,0,0,2.684096156457965,3.07781854672427,MME
GO_Biological_Process_2021,histone exchange (GO:0043486),1/38,0.3176874819497763,0.4320068409847338,0,0,2.684096156457965,3.07781854672427,CENPL
GO_Biological_Process_2021,muscle filament sliding (GO:0030049),1/38,0.3176874819497763,0.4320068409847338,0,0,2.684096156457965,3.07781854672427,DMD
GO_Biological_Process_2021,calcium ion transport (GO:0006816),2/115,0.3196498104363898,0.4342640754840641,0,0,1.759810494323769,2.007115298893896,SLC24A2;RYR3
GO_Biological_Process_2021,proteolysis (GO:0006508),4/287,0.3232894259259176,0.4355288483481405,0,0,1.407442128794981,1.5892939282449376,TINAGL1;MME;PTCH1;ADAM33
GO_Biological_Process_2021,positive regulation of angiogenesis (GO:0045766),2/116,0.3233184189046689,0.4355288483481405,0,0,1.7442849548112709,1.969502884306064,FGF2;AQP1
GO_Biological_Process_2021,protein monoubiquitination (GO:0006513),1/39,0.3245235847719431,0.4355288483481405,0,0,2.6133298069293835,2.941033694945818,UBE2T
GO_Biological_Process_2021,negative regulation of cellular metabolic process (GO:0031324),1/39,0.3245235847719431,0.4355288483481405,0,0,2.6133298069293835,2.941033694945818,EDNRB
GO_Biological_Process_2021,negative regulation of protein secretion (GO:0050709),1/39,0.3245235847719431,0.4355288483481405,0,0,2.6133298069293835,2.941033694945818,SFRP1
GO_Biological_Process_2021,regulation of exit from mitosis (GO:0007096),1/39,0.3245235847719431,0.4355288483481405,0,0,2.6133298069293835,2.941033694945818,CDC14B
GO_Biological_Process_2021,negative regulation of secretion by cell (GO:1903531),1/39,0.3245235847719431,0.4355288483481405,0,0,2.6133298069293835,2.941033694945818,ANXA1
GO_Biological_Process_2021,odontogenesis (GO:0042476),1/39,0.3245235847719431,0.4355288483481405,0,0,2.6133298069293835,2.941033694945818,AQP1
GO_Biological_Process_2021,organophosphate biosynthetic process (GO:0090407),1/39,0.3245235847719431,0.4355288483481405,0,0,2.6133298069293835,2.941033694945818,FGF2
GO_Biological_Process_2021,regulation of nitric-oxide synthase activity (GO:0050999),1/39,0.3245235847719431,0.4355288483481405,0,0,2.6133298069293835,2.941033694945818,EGFR
GO_Biological_Process_2021,DNA replication-independent nucleosome assembly (GO:0006336),1/39,0.3245235847719431,0.4355288483481405,0,0,2.6133298069293835,2.941033694945818,CENPL
GO_Biological_Process_2021,regulation of peptidyl-threonine phosphorylation (GO:0010799),1/39,0.3245235847719431,0.4355288483481405,0,0,2.6133298069293835,2.941033694945818,SPRY2
GO_Biological_Process_2021,regulation of receptor-mediated endocytosis (GO:0048259),1/39,0.3245235847719431,0.4355288483481405,0,0,2.6133298069293835,2.941033694945818,ARF1
GO_Biological_Process_2021,regulation of apoptotic process (GO:0042981),9/742,0.3251151266021965,0.4359153331472962,0,0,1.225709449083234,1.3771776264169808,SFRP1;ANXA1;TSLP;CDK1;SPRY2;HOXA5;EGFR;AQP1;TNFRSF10D
GO_Biological_Process_2021,positive regulation of cell projection organization (GO:0031346),2/117,0.3269820795650746,0.4380095767308275,0,0,1.7290294246815987,1.932795390467605,NTRK2;RELN
GO_Biological_Process_2021,negative regulation of cell-substrate adhesion (GO:0010812),1/40,0.3312915354401823,0.4399659869908373,0,0,2.54619250096637,2.8129227654318845,HOXA7
GO_Biological_Process_2021,carboxylic acid metabolic process (GO:0019752),1/40,0.3312915354401823,0.4399659869908373,0,0,2.54619250096637,2.8129227654318845,PLA2G4A
GO_Biological_Process_2021,regulation of microtubule polymerization (GO:0031113),1/40,0.3312915354401823,0.4399659869908373,0,0,2.54619250096637,2.8129227654318845,MET
GO_Biological_Process_2021,digestive tract development (GO:0048565),1/40,0.3312915354401823,0.4399659869908373,0,0,2.54619250096637,2.8129227654318845,EDNRB
GO_Biological_Process_2021,positive regulation of cation channel activity (GO:2001259),1/40,0.3312915354401823,0.4399659869908373,0,0,2.54619250096637,2.8129227654318845,RELN
GO_Biological_Process_2021,response to organonitrogen compound (GO:0010243),1/40,0.3312915354401823,0.4399659869908373,0,0,2.54619250096637,2.8129227654318845,GPIHBP1
GO_Biological_Process_2021,positive regulation of ossification (GO:0045778),1/40,0.3312915354401823,0.4399659869908373,0,0,2.54619250096637,2.8129227654318845,KL
GO_Biological_Process_2021,stem cell differentiation (GO:0048863),1/40,0.3312915354401823,0.4399659869908373,0,0,2.54619250096637,2.8129227654318845,SFRP1
GO_Biological_Process_2021,positive regulation of wound healing (GO:0090303),1/40,0.3312915354401823,0.4399659869908373,0,0,2.54619250096637,2.8129227654318845,ANXA1
GO_Biological_Process_2021,axon guidance (GO:0007411),3/203,0.3315064052396142,0.4399659869908373,0,0,1.4923857868020305,1.6477553065005663,RELN;SEMA6A;NFIB
GO_Biological_Process_2021,cytoskeleton organization (GO:0007010),2/120,0.337940732613065,0.4467459648671205,0,0,1.684814244136278,1.827829273598234,SEMA6A;CCL11
GO_Biological_Process_2021,positive regulation of biomineral tissue development (GO:0070169),1/41,0.3379920100397979,0.4467459648671205,0,0,2.4824120603015074,2.6927543377926204,KL
GO_Biological_Process_2021,keratinocyte differentiation (GO:0030216),1/41,0.3379920100397979,0.4467459648671205,0,0,2.4824120603015074,2.6927543377926204,ANXA1
GO_Biological_Process_2021,T cell differentiation (GO:0030217),1/41,0.3379920100397979,0.4467459648671205,0,0,2.4824120603015074,2.6927543377926204,ANXA1
GO_Biological_Process_2021,negative regulation of cellular process (GO:0048523),7/566,0.3381705179739276,0.4467459648671205,0,0,1.2484080565777156,1.353530281531562,TGFBR3;SFRP1;ALDH1A2;DACT2;SSTR1;FGF2;JAM2
GO_Biological_Process_2021,cellular response to interferon-gamma (GO:0071346),2/121,0.3415819885568875,0.4508379922497154,0,0,1.6705712588065529,1.794473428095151,CCL14;CCL11
GO_Biological_Process_2021,negative regulation of protein catabolic process (GO:0042177),1/42,0.344625677945044,0.452774449706389,0,0,2.4217428606446867,2.579874053958348,EGFR
GO_Biological_Process_2021,regulation of extrinsic apoptotic signaling pathway via death domain receptors (GO:1902041),1/42,0.344625677945044,0.452774449706389,0,0,2.4217428606446867,2.579874053958348,SFRP1
GO_Biological_Process_2021,nucleic acid-templated transcription (GO:0097659),1/42,0.344625677945044,0.452774449706389,0,0,2.4217428606446867,2.579874053958348,THRB
GO_Biological_Process_2021,phosphatidylinositol phosphate biosynthetic process (GO:0046854),1/42,0.344625677945044,0.452774449706389,0,0,2.4217428606446867,2.579874053958348,FAM126A
GO_Biological_Process_2021,positive regulation of ATPase activity (GO:0032781),1/42,0.344625677945044,0.452774449706389,0,0,2.4217428606446867,2.579874053958348,RGN
GO_Biological_Process_2021,potassium ion transport (GO:0006813),2/122,0.3452170182416795,0.4531367807998646,0,0,1.6565656565656566,1.7618934494773038,SLC24A2;AQP1
GO_Biological_Process_2021,regulation of anatomical structure morphogenesis (GO:0022603),2/123,0.3488455825927885,0.4574815128796752,0,0,1.642791551882461,1.73006635039327,SFRP1;FGF2
GO_Biological_Process_2021,regulation of cell-substrate adhesion (GO:0010810),1/43,0.3511932019412653,0.4576346987183819,0,0,2.363962670495334,2.473694919601735,VIT
GO_Biological_Process_2021,cellular response to retinoic acid (GO:0071300),1/43,0.3511932019412653,0.4576346987183819,0,0,2.363962670495334,2.473694919601735,AQP1
GO_Biological_Process_2021,positive regulation of axonogenesis (GO:0050772),1/43,0.3511932019412653,0.4576346987183819,0,0,2.363962670495334,2.473694919601735,NTRK2
GO_Biological_Process_2021,signal release from synapse (GO:0099643),1/43,0.3511932019412653,0.4576346987183819,0,0,2.363962670495334,2.473694919601735,SYN2
GO_Biological_Process_2021,positive regulation of neuron differentiation (GO:0045666),1/43,0.3511932019412653,0.4576346987183819,0,0,2.363962670495334,2.473694919601735,GPRC5B
GO_Biological_Process_2021,spermatid development (GO:0007286),1/43,0.3511932019412653,0.4576346987183819,0,0,2.363962670495334,2.473694919601735,JAM2
GO_Biological_Process_2021,substantia nigra development (GO:0021762),1/43,0.3511932019412653,0.4576346987183819,0,0,2.363962670495334,2.473694919601735,NDRG2
GO_Biological_Process_2021,cardiac ventricle morphogenesis (GO:0003208),1/44,0.3576952382847675,0.4631653401054338,0,0,2.308869931050602,2.373689018141451,TGFBR3
GO_Biological_Process_2021,neurogenesis (GO:0022008),1/44,0.3576952382847675,0.4631653401054338,0,0,2.308869931050602,2.373689018141451,ANXA1
GO_Biological_Process_2021,neurotransmitter secretion (GO:0007269),1/44,0.3576952382847675,0.4631653401054338,0,0,2.308869931050602,2.373689018141451,SYN2
GO_Biological_Process_2021,positive regulation of cell-matrix adhesion (GO:0001954),1/44,0.3576952382847675,0.4631653401054338,0,0,2.308869931050602,2.373689018141451,SFRP1
GO_Biological_Process_2021,response to amyloid-beta (GO:1904645),1/44,0.3576952382847675,0.4631653401054338,0,0,2.308869931050602,2.373689018141451,PRNP
GO_Biological_Process_2021,positive regulation of stress fiber assembly (GO:0051496),1/44,0.3576952382847675,0.4631653401054338,0,0,2.308869931050602,2.373689018141451,SFRP1
GO_Biological_Process_2021,protein K63-linked ubiquitination (GO:0070534),1/44,0.3576952382847675,0.4631653401054338,0,0,2.308869931050602,2.373689018141451,UBE2T
GO_Biological_Process_2021,regulation of DNA repair (GO:0006282),1/45,0.3641324366778817,0.4698060908081206,0,0,2.256281407035176,2.279380404926681,EGFR
GO_Biological_Process_2021,neural crest cell development (GO:0014032),1/45,0.3641324366778817,0.4698060908081206,0,0,2.256281407035176,2.279380404926681,SEMA6A
GO_Biological_Process_2021,positive regulation of nervous system development (GO:0051962),1/45,0.3641324366778817,0.4698060908081206,0,0,2.256281407035176,2.279380404926681,MME
GO_Biological_Process_2021,positive regulation of RNA metabolic process (GO:0051254),1/45,0.3641324366778817,0.4698060908081206,0,0,2.256281407035176,2.279380404926681,EGFR
GO_Biological_Process_2021,regulation of cell growth (GO:0001558),3/217,0.3696927146829871,0.4758907089200046,0,0,1.3937568195834718,1.3869038835176106,SFRP1;FAM107A;EGFR
GO_Biological_Process_2021,erythrocyte differentiation (GO:0030218),1/46,0.3705054405101429,0.4758907089200046,0,0,2.2060301507537687,2.1903389894516705,TGFBR3
GO_Biological_Process_2021,"regulation of synaptic transmission, glutamatergic (GO:0051966)",1/46,0.3705054405101429,0.4758907089200046,0,0,2.2060301507537687,2.1903389894516705,RELN
GO_Biological_Process_2021,interleukin-12-mediated signaling pathway (GO:0035722),1/46,0.3705054405101429,0.4758907089200046,0,0,2.2060301507537687,2.1903389894516705,ARF1
GO_Biological_Process_2021,positive regulation of smooth muscle cell proliferation (GO:0048661),1/46,0.3705054405101429,0.4758907089200046,0,0,2.2060301507537687,2.1903389894516705,FGF2
GO_Biological_Process_2021,negative regulation of cold-induced thermogenesis (GO:0120163),1/47,0.376814886705751,0.4809832687195186,0,0,2.1579637317019884,2.1061752538856453,ADAMTS5
GO_Biological_Process_2021,regulation of cellular metabolic process (GO:0031323),1/47,0.376814886705751,0.4809832687195186,0,0,2.1579637317019884,2.1061752538856453,ARF1
GO_Biological_Process_2021,polyol metabolic process (GO:0019751),1/47,0.376814886705751,0.4809832687195186,0,0,2.1579637317019884,2.1061752538856453,INPP1
GO_Biological_Process_2021,regulation of protein localization to nucleus (GO:1900180),1/47,0.376814886705751,0.4809832687195186,0,0,2.1579637317019884,2.1061752538856453,CDK1
GO_Biological_Process_2021,epidermal growth factor receptor signaling pathway (GO:0007173),1/47,0.376814886705751,0.4809832687195186,0,0,2.1579637317019884,2.1061752538856453,EGFR
GO_Biological_Process_2021,epithelial to mesenchymal transition (GO:0001837),1/47,0.376814886705751,0.4809832687195186,0,0,2.1579637317019884,2.1061752538856453,TGFBR3
GO_Biological_Process_2021,positive regulation of neuron death (GO:1901216),1/47,0.376814886705751,0.4809832687195186,0,0,2.1579637317019884,2.1061752538856453,PRNP
GO_Biological_Process_2021,negative regulation of MAP kinase activity (GO:0043407),1/48,0.3830614060395898,0.4859330203823772,0,0,2.111942692184326,2.026535673888961,SPRY2
GO_Biological_Process_2021,cellular response to interleukin-12 (GO:0071349),1/48,0.3830614060395898,0.4859330203823772,0,0,2.111942692184326,2.026535673888961,ARF1
GO_Biological_Process_2021,regulation of interleukin-10 production (GO:0032653),1/48,0.3830614060395898,0.4859330203823772,0,0,2.111942692184326,2.026535673888961,TSLP
GO_Biological_Process_2021,regulation of mitochondrion organization (GO:0010821),1/48,0.3830614060395898,0.4859330203823772,0,0,2.111942692184326,2.026535673888961,PDE2A
GO_Biological_Process_2021,phosphatidic acid biosynthetic process (GO:0006654),1/48,0.3830614060395898,0.4859330203823772,0,0,2.111942692184326,2.026535673888961,PLA2G4A
GO_Biological_Process_2021,positive regulation of DNA repair (GO:0045739),1/48,0.3830614060395898,0.4859330203823772,0,0,2.111942692184326,2.026535673888961,EGFR
GO_Biological_Process_2021,myelination (GO:0042552),1/48,0.3830614060395898,0.4859330203823772,0,0,2.111942692184326,2.026535673888961,FAM126A
GO_Biological_Process_2021,regulation of cell adhesion (GO:0030155),2/133,0.3847267669681982,0.4876148608705496,0,0,1.5166165471508983,1.4487053288734584,IBSP;DACT2
GO_Biological_Process_2021,regulation of I-kappaB kinase/NF-kappaB signaling (GO:0043122),3/224,0.3886575109631133,0.4911746173822212,0,0,1.3491283276293726,1.2750028430521592,GPRC5B;PELI2;S100B
GO_Biological_Process_2021,negative regulation of catabolic process (GO:0009895),1/49,0.3892456229672477,0.4911746173822212,0,0,2.0678391959799,1.9510987409424116,EGFR
GO_Biological_Process_2021,regulation of cellular protein metabolic process (GO:0032268),1/49,0.3892456229672477,0.4911746173822212,0,0,2.0678391959799,1.9510987409424116,EDNRB
GO_Biological_Process_2021,secondary alcohol metabolic process (GO:1902652),1/49,0.3892456229672477,0.4911746173822212,0,0,2.0678391959799,1.9510987409424116,ABCA5
GO_Biological_Process_2021,mitotic cytokinesis (GO:0000281),1/49,0.3892456229672477,0.4911746173822212,0,0,2.0678391959799,1.9510987409424116,RACGAP1
GO_Biological_Process_2021,"regulation of transcription, DNA-templated (GO:0006355)",24/2244,0.3953185126019235,0.4967179979514559,0,0,1.0798525798525798,1.0021717409829558,STAT5B;CALCOCO1;HLF;TSHZ2;HIF3A;MEOX2;FGF2;MEIS2;EGFR;POU6F1;NR3C2;TCEAL7;SFRP1;NFIB;PLAGL1;ATOH8;HOXA3;ID4;HOXA2;ZNF502;ZNF677;HOXA7;HOXA5;HOXA4
GO_Biological_Process_2021,actin polymerization or depolymerization (GO:0008154),1/50,0.3953681557510544,0.4967179979514559,0,0,2.025535842477695,1.8795714928238212,FAM107A
GO_Biological_Process_2021,regulation of complement activation (GO:0030449),1/50,0.3953681557510544,0.4967179979514559,0,0,2.025535842477695,1.8795714928238212,PROS1
GO_Biological_Process_2021,phosphatidic acid metabolic process (GO:0046473),1/50,0.3953681557510544,0.4967179979514559,0,0,2.025535842477695,1.8795714928238212,PLA2G4A
GO_Biological_Process_2021,iron ion transport (GO:0006826),1/50,0.3953681557510544,0.4967179979514559,0,0,2.025535842477695,1.8795714928238212,SCARA5
GO_Biological_Process_2021,proteasome-mediated ubiquitin-dependent protein catabolic process (GO:0043161),4/321,0.4002970384626148,0.4999591756807188,0,0,1.2542973025172215,1.1483699026246903,CCNB1;USP44;CDK1;AURKA
GO_Biological_Process_2021,regulation of axonogenesis (GO:0050770),1/51,0.4014296166851454,0.4999591756807188,0,0,1.984924623115578,1.8116864795932897,NTRK2
GO_Biological_Process_2021,blood circulation (GO:0008015),1/51,0.4014296166851454,0.4999591756807188,0,0,1.984924623115578,1.8116864795932897,MEOX2
GO_Biological_Process_2021,regulation of epithelial cell migration (GO:0010632),1/51,0.4014296166851454,0.4999591756807188,0,0,1.984924623115578,1.8116864795932897,RHOJ
GO_Biological_Process_2021,negative regulation of protein ubiquitination (GO:0031397),1/51,0.4014296166851454,0.4999591756807188,0,0,1.984924623115578,1.8116864795932897,SPRY2
GO_Biological_Process_2021,DNA duplex unwinding (GO:0032508),1/51,0.4014296166851454,0.4999591756807188,0,0,1.984924623115578,1.8116864795932897,ANXA1
GO_Biological_Process_2021,positive regulation of actin filament bundle assembly (GO:0032233),1/51,0.4014296166851454,0.4999591756807188,0,0,1.984924623115578,1.8116864795932897,SFRP1
GO_Biological_Process_2021,positive regulation of fat cell differentiation (GO:0045600),1/51,0.4014296166851454,0.4999591756807188,0,0,1.984924623115578,1.8116864795932897,SFRP1
GO_Biological_Process_2021,mesenchymal cell differentiation (GO:0048762),1/51,0.4014296166851454,0.4999591756807188,0,0,1.984924623115578,1.8116864795932897,TGFBR3
GO_Biological_Process_2021,mitotic metaphase plate congression (GO:0007080),1/51,0.4014296166851454,0.4999591756807188,0,0,1.984924623115578,1.8116864795932897,CCNB1
GO_Biological_Process_2021,negative regulation of gene expression (GO:0010629),4/322,0.4025511797852142,0.5009215720724156,0,0,1.2502887947631882,1.1376790782218986,SFRP1;ATOH8;FGF2;AURKA
GO_Biological_Process_2021,positive regulation of nucleic acid-templated transcription (GO:1903508),6/511,0.4036474556899955,0.5018508626587304,0,0,1.1816882719199755,1.0720434543105042,SFRP1;CALCOCO1;NFIB;ATOH8;FGF2;EGFR
GO_Biological_Process_2021,regulation of cellular component organization (GO:0051128),2/139,0.4058480895063414,0.5030699557564271,0,0,1.44975300449753,1.3073529773997317,FAM107A;AURKA
GO_Biological_Process_2021,protein dephosphorylation (GO:0006470),2/139,0.4058480895063414,0.5030699557564271,0,0,1.44975300449753,1.3073529773997317,PTPN21;CDC14B
GO_Biological_Process_2021,negative regulation of BMP signaling pathway (GO:0030514),1/52,0.4074306117999475,0.5030699557564271,0,0,1.9459060005911912,1.7471991060741807,CRIM1
GO_Biological_Process_2021,regulation of exocytosis (GO:0017157),1/52,0.4074306117999475,0.5030699557564271,0,0,1.9459060005911912,1.7471991060741807,ANXA1
GO_Biological_Process_2021,regulation of release of sequestered calcium ion into cytosol (GO:0051279),1/52,0.4074306117999475,0.5030699557564271,0,0,1.9459060005911912,1.7471991060741807,DMD
GO_Biological_Process_2021,sprouting angiogenesis (GO:0002040),1/52,0.4074306117999475,0.5030699557564271,0,0,1.9459060005911912,1.7471991060741807,FGF2
GO_Biological_Process_2021,positive regulation of protein localization to cell periphery (GO:1904377),1/52,0.4074306117999475,0.5030699557564271,0,0,1.9459060005911912,1.7471991060741807,EGFR
GO_Biological_Process_2021,positive regulation of protein localization to plasma membrane (GO:1903078),1/52,0.4074306117999475,0.5030699557564271,0,0,1.9459060005911912,1.7471991060741807,EGFR
GO_Biological_Process_2021,transcription initiation from RNA polymerase II promoter (GO:0006367),2/140,0.4093350504017323,0.5049872271279103,0,0,1.4391743522178304,1.28550113423387,THRB;NR3C2
GO_Biological_Process_2021,negative regulation of cysteine-type endopeptidase activity (GO:2000117),1/53,0.4133717413870322,0.5073519834459643,0,0,1.9083880943177425,1.6858852917962188,AQP1
GO_Biological_Process_2021,bicellular tight junction assembly (GO:0070830),1/53,0.4133717413870322,0.5073519834459643,0,0,1.9083880943177425,1.6858852917962188,CLDN11
GO_Biological_Process_2021,regulation of DNA replication (GO:0006275),1/53,0.4133717413870322,0.5073519834459643,0,0,1.9083880943177425,1.6858852917962188,EGFR
GO_Biological_Process_2021,regulation of immune effector process (GO:0002697),1/53,0.4133717413870322,0.5073519834459643,0,0,1.9083880943177425,1.6858852917962188,PROS1
GO_Biological_Process_2021,epidermal cell differentiation (GO:0009913),1/53,0.4133717413870322,0.5073519834459643,0,0,1.9083880943177425,1.6858852917962188,ANXA1
GO_Biological_Process_2021,heart morphogenesis (GO:0003007),1/53,0.4133717413870322,0.5073519834459643,0,0,1.9083880943177425,1.6858852917962188,TGFBR3
GO_Biological_Process_2021,protein localization to organelle (GO:0033365),2/142,0.4162790368686154,0.5104839427355522,0,0,1.4184704184704184,1.2431467398061158,CEP68;PRNP
GO_Biological_Process_2021,regulation of cyclin-dependent protein kinase activity (GO:1904029),1/54,0.4192535996279672,0.5123814204814987,0,0,1.8722859580923483,1.627539412897697,CCNB1
GO_Biological_Process_2021,regulation of humoral immune response (GO:0002920),1/54,0.4192535996279672,0.5123814204814987,0,0,1.8722859580923483,1.627539412897697,PROS1
GO_Biological_Process_2021,regulation of proteolysis (GO:0030162),1/54,0.4192535996279672,0.5123814204814987,0,0,1.8722859580923483,1.627539412897697,CST4
GO_Biological_Process_2021,unsaturated fatty acid metabolic process (GO:0033559),1/54,0.4192535996279672,0.5123814204814987,0,0,1.8722859580923483,1.627539412897697,PLA2G4A
GO_Biological_Process_2021,monocarboxylic acid metabolic process (GO:0032787),2/143,0.4197357656077661,0.5125344892965579,0,0,1.4083387062110466,1.2226209334221314,ADH1C;ALDH1A2
GO_Biological_Process_2021,negative regulation of cysteine-type endopeptidase activity involved in apoptotic process (GO:0043154),1/55,0.4250767749174149,0.5168588050646976,0,0,1.8375209380234503,1.5719724807707876,AQP1
GO_Biological_Process_2021,regulation of blood vessel endothelial cell migration (GO:0043535),1/55,0.4250767749174149,0.5168588050646976,0,0,1.8375209380234503,1.5719724807707876,FGF2
GO_Biological_Process_2021,negative regulation of protein modification by small protein conjugation or removal (GO:1903321),1/55,0.4250767749174149,0.5168588050646976,0,0,1.8375209380234503,1.5719724807707876,SPRY2
GO_Biological_Process_2021,interstrand cross-link repair (GO:0036297),1/55,0.4250767749174149,0.5168588050646976,0,0,1.8375209380234503,1.5719724807707876,UBE2T
GO_Biological_Process_2021,positive regulation of response to DNA damage stimulus (GO:2001022),1/55,0.4250767749174149,0.5168588050646976,0,0,1.8375209380234503,1.5719724807707876,EGFR
GO_Biological_Process_2021,blood vessel morphogenesis (GO:0048514),1/56,0.4308418497249187,0.5216601148439994,0,0,1.8040201005025125,1.5190105312629705,TGFBR3
GO_Biological_Process_2021,negative regulation of metabolic process (GO:0009892),1/56,0.4308418497249187,0.5216601148439994,0,0,1.8040201005025125,1.5190105312629705,ADAMTS5
GO_Biological_Process_2021,glycosaminoglycan catabolic process (GO:0006027),1/56,0.4308418497249187,0.5216601148439994,0,0,1.8040201005025125,1.5190105312629705,FGF2
GO_Biological_Process_2021,Rho protein signal transduction (GO:0007266),1/56,0.4308418497249187,0.5216601148439994,0,0,1.8040201005025125,1.5190105312629705,RHOJ
GO_Biological_Process_2021,tight junction assembly (GO:0120192),1/56,0.4308418497249187,0.5216601148439994,0,0,1.8040201005025125,1.5190105312629705,CLDN11
GO_Biological_Process_2021,axonogenesis (GO:0007409),3/240,0.4314322217611132,0.5219348529477326,0,0,1.257019854783782,1.056707275654343,RELN;SEMA6A;S100B
GO_Biological_Process_2021,negative regulation of cell cycle G2/M phase transition (GO:1902750),1/57,0.4365494010474847,0.5245899078696135,0,0,1.7717157214644652,1.4684931926330618,AURKA
GO_Biological_Process_2021,arachidonic acid metabolic process (GO:0019369),1/57,0.4365494010474847,0.5245899078696135,0,0,1.7717157214644652,1.4684931926330618,PLA2G4A
GO_Biological_Process_2021,regulation of bone mineralization (GO:0030500),1/57,0.4365494010474847,0.5245899078696135,0,0,1.7717157214644652,1.4684931926330618,KL
GO_Biological_Process_2021,cellular response to peptide (GO:1901653),1/57,0.4365494010474847,0.5245899078696135,0,0,1.7717157214644652,1.4684931926330618,PRNP
GO_Biological_Process_2021,positive regulation of cell junction assembly (GO:1901890),1/57,0.4365494010474847,0.5245899078696135,0,0,1.7717157214644652,1.4684931926330618,SFRP1
GO_Biological_Process_2021,renal system development (GO:0072001),1/57,0.4365494010474847,0.5245899078696135,0,0,1.7717157214644652,1.4684931926330618,MME
GO_Biological_Process_2021,icosanoid metabolic process (GO:0006690),1/57,0.4365494010474847,0.5245899078696135,0,0,1.7717157214644652,1.4684931926330618,PLA2G4A
GO_Biological_Process_2021,protein K48-linked ubiquitination (GO:0070936),1/57,0.4365494010474847,0.5245899078696135,0,0,1.7717157214644652,1.4684931926330618,UBE2T
GO_Biological_Process_2021,cellular iron ion homeostasis (GO:0006879),1/58,0.4421999998339941,0.530049415493836,0,0,1.740544829410209,1.4202724160163902,SCARA5
GO_Biological_Process_2021,regulation of neurotransmitter receptor activity (GO:0099601),1/58,0.4421999998339941,0.530049415493836,0,0,1.740544829410209,1.4202724160163902,RELN
GO_Biological_Process_2021,positive regulation of mitochondrion organization (GO:0010822),1/58,0.4421999998339941,0.530049415493836,0,0,1.740544829410209,1.4202724160163902,AURKA
GO_Biological_Process_2021,negative regulation of autophagy (GO:0010507),1/59,0.4477942115947188,0.5345240963009279,0,0,1.7104487957026513,1.3742113392020114,MET
GO_Biological_Process_2021,protein polymerization (GO:0051258),1/59,0.4477942115947188,0.5345240963009279,0,0,1.7104487957026513,1.3742113392020114,FAM107A
GO_Biological_Process_2021,regulation of secretion by cell (GO:1903530),1/59,0.4477942115947188,0.5345240963009279,0,0,1.7104487957026513,1.3742113392020114,ANXA1
GO_Biological_Process_2021,response to reactive oxygen species (GO:0000302),1/59,0.4477942115947188,0.5345240963009279,0,0,1.7104487957026513,1.3742113392020114,EGFR
GO_Biological_Process_2021,positive regulation of tyrosine phosphorylation of STAT protein (GO:0042531),1/59,0.4477942115947188,0.5345240963009279,0,0,1.7104487957026513,1.3742113392020114,TSLP
GO_Biological_Process_2021,apical junction assembly (GO:0043297),1/60,0.4533325962584122,0.540237019275585,0,0,1.681372966527553,1.330183274831934,CLDN11
GO_Biological_Process_2021,peptidyl-threonine phosphorylation (GO:0018107),1/60,0.4533325962584122,0.540237019275585,0,0,1.681372966527553,1.330183274831934,CDK1
GO_Biological_Process_2021,dephosphorylation (GO:0016311),2/153,0.4537111701020423,0.5402398343835264,0,0,1.314402301157268,1.0387648733741028,PTPN21;CDC14B
GO_Biological_Process_2021,positive regulation of DNA biosynthetic process (GO:2000573),1/61,0.4588157080798082,0.5454133748365931,0,0,1.6532663316582914,1.288070804786777,FGF2
GO_Biological_Process_2021,iron ion homeostasis (GO:0055072),1/61,0.4588157080798082,0.5454133748365931,0,0,1.6532663316582914,1.288070804786777,SCARA5
GO_Biological_Process_2021,peptidyl-serine phosphorylation (GO:0018105),2/156,0.4636829675375702,0.5507433758345335,0,0,1.2886002886002883,0.9903591895699384,CDK1;AURKA
GO_Biological_Process_2021,response to retinoic acid (GO:0032526),1/62,0.4642440960951576,0.5509541504071457,0,0,1.6260812258011368,1.2477649663473405,AQP1
GO_Biological_Process_2021,regulation of canonical Wnt signaling pathway (GO:0060828),3/253,0.4653846376484244,0.5518516429918559,0,0,1.1908629441624363,0.9108803929750248,SFRP1;GPRC5B;EGFR
GO_Biological_Process_2021,actin cytoskeleton reorganization (GO:0031532),1/63,0.4696183035751055,0.5550385875998778,0,0,1.5997730588426,1.2091645247691418,ANXA1
GO_Biological_Process_2021,neuropeptide signaling pathway (GO:0007218),1/63,0.4696183035751055,0.5550385875998778,0,0,1.5997730588426,1.2091645247691418,SSTR1
GO_Biological_Process_2021,organonitrogen compound catabolic process (GO:1901565),1/63,0.4696183035751055,0.5550385875998778,0,0,1.5997730588426,1.2091645247691418,PLA2G4A
GO_Biological_Process_2021,monocarboxylic acid biosynthetic process (GO:0072330),1/63,0.4696183035751055,0.5550385875998778,0,0,1.5997730588426,1.2091645247691418,ALDH1A2
GO_Biological_Process_2021,organonitrogen compound biosynthetic process (GO:1901566),2/158,0.470271536490919,0.5553535578955261,0,0,1.271950271950272,0.9596165405879008,PLA2G4A;DMD
GO_Biological_Process_2021,protein secretion (GO:0009306),1/64,0.4749388686968527,0.5594850003680726,0,0,1.574300071787509,1.1721753146425786,ANXA1
GO_Biological_Process_2021,antimicrobial humoral immune response mediated by antimicrobial peptide (GO:0061844),1/64,0.4749388686968527,0.5594850003680726,0,0,1.574300071787509,1.1721753146425786,CXCL2
GO_Biological_Process_2021,diterpenoid metabolic process (GO:0016101),1/64,0.4749388686968527,0.5594850003680726,0,0,1.574300071787509,1.1721753146425786,GPIHBP1
GO_Biological_Process_2021,BMP signaling pathway (GO:0030509),1/65,0.4802063242660991,0.5647635394317104,0,0,1.5496231155778897,1.1367096495006708,TGFBR3
GO_Biological_Process_2021,protein autoubiquitination (GO:0051865),1/65,0.4802063242660991,0.5647635394317104,0,0,1.5496231155778897,1.1367096495006708,UBE2T
GO_Biological_Process_2021,peptide biosynthetic process (GO:0043043),2/162,0.4833030570302441,0.5679404172630365,0,0,1.2398989898989898,0.9015446591892284,DMD;GSPT2
GO_Biological_Process_2021,negative regulation of G2/M transition of mitotic cell cycle (GO:0010972),1/66,0.4854211976341649,0.5685683848308816,0,0,1.525705450328566,1.1026857881843173,AURKA
GO_Biological_Process_2021,cell-cell junction assembly (GO:0007043),1/66,0.4854211976341649,0.5685683848308816,0,0,1.525705450328566,1.1026857881843173,CLDN11
GO_Biological_Process_2021,positive regulation of cell death (GO:0010942),1/66,0.4854211976341649,0.5685683848308816,0,0,1.525705450328566,1.1026857881843173,PRNP
GO_Biological_Process_2021,positive regulation of T cell proliferation (GO:0042102),1/66,0.4854211976341649,0.5685683848308816,0,0,1.525705450328566,1.1026857881843173,ANXA1
GO_Biological_Process_2021,heart development (GO:0007507),2/164,0.4897446696071709,0.5731649108035024,0,0,1.224466891133558,0.8741115339838216,TGFBR3;POU6F1
GO_Biological_Process_2021,peptidyl-threonine modification (GO:0018210),1/67,0.4905840112592053,0.5736796744040871,0,0,1.5025125628140703,1.0700274503610792,CDK1
GO_Biological_Process_2021,adenylate cyclase-modulating G protein-coupled receptor signaling pathway (GO:0007188),2/165,0.4929466684286051,0.5755052161491682,0,0,1.2168928549296647,0.8607743794829743,GNAL;PDE2A
GO_Biological_Process_2021,regulation of neuron projection development (GO:0010975),2/165,0.4929466684286051,0.5755052161491682,0,0,1.2168928549296647,0.8607743794829743,NTRK2;RELN
GO_Biological_Process_2021,canonical Wnt signaling pathway (GO:0060070),1/68,0.4956952821636893,0.5768382700057195,0,0,1.4800120003000077,1.0386633811930914,SFRP1
GO_Biological_Process_2021,negative regulation of transforming growth factor beta receptor signaling pathway (GO:0030512),1/68,0.4956952821636893,0.5768382700057195,0,0,1.4800120003000077,1.0386633811930914,SPRY2
GO_Biological_Process_2021,regulation of tyrosine phosphorylation of STAT protein (GO:0042509),1/68,0.4956952821636893,0.5768382700057195,0,0,1.4800120003000077,1.0386633811930914,TSLP
GO_Biological_Process_2021,positive regulation of protein localization to nucleus (GO:1900182),1/68,0.4956952821636893,0.5768382700057195,0,0,1.4800120003000077,1.0386633811930914,CDK1
GO_Biological_Process_2021,negative regulation of nucleic acid-templated transcription (GO:1903507),5/464,0.4962319317611737,0.5769951854324255,0,0,1.0804424333836098,0.7570788240861942,TCEAL7;SFRP1;ATOH8;ID4;HOXA7
GO_Biological_Process_2021,negative regulation of cellular catabolic process (GO:0031330),1/69,0.500755522308534,0.581045286917103,0,0,1.4581732190363583,1.0085269537658983,MET
GO_Biological_Process_2021,cellular response to calcium ion (GO:0071277),1/69,0.500755522308534,0.581045286917103,0,0,1.4581732190363583,1.0085269537658983,RYR3
GO_Biological_Process_2021,protein deubiquitination (GO:0016579),3/267,0.5009290147655804,0.581045286917103,0,0,1.1269035532994924,0.7790181434353709,IL33;USP44;CDK1
GO_Biological_Process_2021,"DNA-templated transcription, initiation (GO:0006352)",2/168,0.5024765895852316,0.5823699617791708,0,0,1.1947182670074237,0.8222125520888384,THRB;NR3C2
GO_Biological_Process_2021,peptidyl-serine modification (GO:0018209),2/169,0.5056276520142977,0.5833565324352035,0,0,1.1875037803181516,0.8098238390721395,CDK1;AURKA
GO_Biological_Process_2021,cellular response to light stimulus (GO:0071482),1/70,0.5057652387756465,0.5833565324352035,0,0,1.4369674459252786,0.9795558086095748,AQP1
GO_Biological_Process_2021,establishment of protein localization to membrane (GO:0090150),1/70,0.5057652387756465,0.5833565324352035,0,0,1.4369674459252786,0.9795558086095748,EGFR
GO_Biological_Process_2021,kidney development (GO:0001822),1/70,0.5057652387756465,0.5833565324352035,0,0,1.4369674459252786,0.9795558086095748,MME
GO_Biological_Process_2021,sterol metabolic process (GO:0016125),1/70,0.5057652387756465,0.5833565324352035,0,0,1.4369674459252786,0.9795558086095748,ABCA5
GO_Biological_Process_2021,wound healing (GO:0042060),1/70,0.5057652387756465,0.5833565324352035,0,0,1.4369674459252786,0.9795558086095748,FGF2
GO_Biological_Process_2021,negative regulation of neuron apoptotic process (GO:0043524),1/71,0.5107249334696091,0.5881323211406245,0,0,1.416367552045944,0.9516915272016224,NTRK2
GO_Biological_Process_2021,positive regulation of cellular protein localization (GO:1903829),1/71,0.5107249334696091,0.5881323211406245,0,0,1.416367552045944,0.9516915272016224,CDK1
GO_Biological_Process_2021,negative regulation of supramolecular fiber organization (GO:1902904),1/72,0.5156351033007534,0.5923616066719055,0,0,1.396347936867436,0.9248793332622998,TPX2
GO_Biological_Process_2021,cytoskeleton-dependent cytokinesis (GO:0061640),1/72,0.5156351033007534,0.5923616066719055,0,0,1.396347936867436,0.9248793332622998,RACGAP1
GO_Biological_Process_2021,response to ionizing radiation (GO:0010212),1/72,0.5156351033007534,0.5923616066719055,0,0,1.396347936867436,0.9248793332622998,ANXA1
GO_Biological_Process_2021,regulation of actin filament-based process (GO:0032970),1/73,0.5204962404113022,0.5946162300959665,0,0,1.3768844221105527,0.8990678202624621,FAM107A
GO_Biological_Process_2021,regulation of hydrolase activity (GO:0051336),1/73,0.5204962404113022,0.5946162300959665,0,0,1.3768844221105527,0.8990678202624621,NTRK2
GO_Biological_Process_2021,neurotransmitter transport (GO:0006836),1/73,0.5204962404113022,0.5946162300959665,0,0,1.3768844221105527,0.8990678202624621,SYN2
GO_Biological_Process_2021,defense response to Gram-negative bacterium (GO:0050829),1/73,0.5204962404113022,0.5946162300959665,0,0,1.3768844221105527,0.8990678202624621,AQP1
GO_Biological_Process_2021,endoplasmic reticulum organization (GO:0007029),1/73,0.5204962404113022,0.5946162300959665,0,0,1.3768844221105527,0.8990678202624621,PRNP
GO_Biological_Process_2021,regulation of Rho protein signal transduction (GO:0035023),1/73,0.5204962404113022,0.5946162300959665,0,0,1.3768844221105527,0.8990678202624621,MET
GO_Biological_Process_2021,response to molecule of bacterial origin (GO:0002237),1/73,0.5204962404113022,0.5946162300959665,0,0,1.3768844221105527,0.8990678202624621,CXCL2
GO_Biological_Process_2021,protein modification by small protein removal (GO:0070646),3/276,0.5231401543880055,0.5971615752791541,0,0,1.0892508506721703,0.7057320191777249,IL33;USP44;CDK1
GO_Biological_Process_2021,negative regulation of protein binding (GO:0032091),1/74,0.5253088319278648,0.5982105334245946,0,0,1.3579541543333105,0.8742087038575203,AURKA
GO_Biological_Process_2021,sphingolipid biosynthetic process (GO:0030148),1/74,0.5253088319278648,0.5982105334245946,0,0,1.3579541543333105,0.8742087038575203,ABCA8
GO_Biological_Process_2021,mitotic nuclear division (GO:0140014),1/74,0.5253088319278648,0.5982105334245946,0,0,1.3579541543333105,0.8742087038575203,TPX2
GO_Biological_Process_2021,negative regulation of cell population proliferation (GO:0008285),4/379,0.5268184452221659,0.5994542688898814,0,0,1.0571428571428572,0.6775221129317013,TGFBR3;SFRP1;ALDH1A2;SSTR1
GO_Biological_Process_2021,regulation of transcription from RNA polymerase II promoter in response to hypoxia (GO:0061418),1/75,0.5300733603880184,0.6015858109907678,0,0,1.3395355154149124,0.8502565938086776,HIF3A
GO_Biological_Process_2021,positive regulation of lymphocyte proliferation (GO:0050671),1/75,0.5300733603880184,0.6015858109907678,0,0,1.3395355154149124,0.8502565938086776,ANXA1
GO_Biological_Process_2021,positive regulation of T cell activation (GO:0050870),1/75,0.5300733603880184,0.6015858109907678,0,0,1.3395355154149124,0.8502565938086776,ANXA1
GO_Biological_Process_2021,positive regulation of developmental process (GO:0051094),2/177,0.5303674350378217,0.6015858109907678,0,0,1.1327561327561328,0.7183772187612621,RELN;AURKA
GO_Biological_Process_2021,regulation of BMP signaling pathway (GO:0030510),1/76,0.5347903032317255,0.6037412542773254,0,0,1.321608040201005,0.8271687875669174,CRIM1
GO_Biological_Process_2021,cell morphogenesis involved in neuron differentiation (GO:0048667),1/76,0.5347903032317255,0.6037412542773254,0,0,1.321608040201005,0.8271687875669174,S100B
GO_Biological_Process_2021,chloride transport (GO:0006821),1/76,0.5347903032317255,0.6037412542773254,0,0,1.321608040201005,0.8271687875669174,FXYD1
GO_Biological_Process_2021,phospholipid metabolic process (GO:0006644),1/76,0.5347903032317255,0.6037412542773254,0,0,1.321608040201005,0.8271687875669174,PLA2G4A
GO_Biological_Process_2021,regulation of T cell proliferation (GO:0042129),1/76,0.5347903032317255,0.6037412542773254,0,0,1.321608040201005,0.8271687875669174,ANXA1
GO_Biological_Process_2021,water-soluble vitamin metabolic process (GO:0006767),1/76,0.5347903032317255,0.6037412542773254,0,0,1.321608040201005,0.8271687875669174,FLAD1
GO_Biological_Process_2021,positive regulation of cellular biosynthetic process (GO:0031328),2/180,0.5394267994620252,0.606153952753671,0,0,1.1134944955169674,0.6873024571147923,FGF2;EGFR
GO_Biological_Process_2021,cholesterol metabolic process (GO:0008203),1/77,0.5394601334395485,0.606153952753671,0,0,1.3041523406506217,0.8049050782659102,ABCA5
GO_Biological_Process_2021,phosphatidylcholine metabolic process (GO:0046470),1/77,0.5394601334395485,0.606153952753671,0,0,1.3041523406506217,0.8049050782659102,PLA2G4A
GO_Biological_Process_2021,inorganic cation import across plasma membrane (GO:0098659),1/77,0.5394601334395485,0.606153952753671,0,0,1.3041523406506217,0.8049050782659102,SLC24A2
GO_Biological_Process_2021,positive regulation of protein modification by small protein conjugation or removal (GO:1903322),1/77,0.5394601334395485,0.606153952753671,0,0,1.3041523406506217,0.8049050782659102,FAM107A
GO_Biological_Process_2021,positive regulation of tumor necrosis factor production (GO:0032760),1/77,0.5394601334395485,0.606153952753671,0,0,1.3041523406506217,0.8049050782659102,IL33
GO_Biological_Process_2021,negative regulation of protein serine/threonine kinase activity (GO:0071901),1/78,0.544083319204552,0.6108707164798566,0,0,1.2871500358937544,0.7834275809102157,SPRY2
GO_Biological_Process_2021,negative regulation of cytokine production (GO:0001818),2/182,0.5453994083800013,0.611869961276314,0,0,1.101010101010101,0.6674729431463129,PRNP;ANXA1
GO_Biological_Process_2021,axon development (GO:0061564),1/79,0.5486603241296241,0.613133249377541,0,0,1.2705836876691148,0.7627005714660321,S100B
GO_Biological_Process_2021,negative regulation of NF-kappaB transcription factor activity (GO:0032088),1/79,0.5486603241296241,0.613133249377541,0,0,1.2705836876691148,0.7627005714660321,TCEAL7
GO_Biological_Process_2021,regulation of neuron differentiation (GO:0045664),1/79,0.5486603241296241,0.613133249377541,0,0,1.2705836876691148,0.7627005714660321,GPRC5B
GO_Biological_Process_2021,positive regulation of proteasomal ubiquitin-dependent protein catabolic process (GO:0032436),1/79,0.5486603241296241,0.613133249377541,0,0,1.2705836876691148,0.7627005714660321,RNF180
GO_Biological_Process_2021,positive regulation of ubiquitin-dependent protein catabolic process (GO:2000060),1/79,0.5486603241296241,0.613133249377541,0,0,1.2705836876691148,0.7627005714660321,RNF180
GO_Biological_Process_2021,negative regulation of cellular component organization (GO:0051129),1/80,0.5531916072648388,0.615800889947526,0,0,1.254436740665352,0.7426903392796255,SPRY2
GO_Biological_Process_2021,regulation of fat cell differentiation (GO:0045598),1/80,0.5531916072648388,0.615800889947526,0,0,1.254436740665352,0.7426903392796255,SFRP1
GO_Biological_Process_2021,regulation of organelle organization (GO:0033043),1/80,0.5531916072648388,0.615800889947526,0,0,1.254436740665352,0.7426903392796255,PDE2A
GO_Biological_Process_2021,regulation of protein localization to plasma membrane (GO:1903076),1/80,0.5531916072648388,0.615800889947526,0,0,1.254436740665352,0.7426903392796255,EGFR
GO_Biological_Process_2021,glycerophospholipid metabolic process (GO:0006650),1/80,0.5531916072648388,0.615800889947526,0,0,1.254436740665352,0.7426903392796255,PLA2G4A
GO_Biological_Process_2021,regulation of interleukin-8 production (GO:0032677),1/81,0.5576776229377498,0.6193542664645079,0,0,1.2386934673366834,0.7233650516865618,ANXA1
GO_Biological_Process_2021,phospholipase C-activating G protein-coupled receptor signaling pathway (GO:0007200),1/81,0.5576776229377498,0.6193542664645079,0,0,1.2386934673366834,0.7233650516865618,TACR1
GO_Biological_Process_2021,positive regulation of tumor necrosis factor superfamily cytokine production (GO:1903557),1/81,0.5576776229377498,0.6193542664645079,0,0,1.2386934673366834,0.7233650516865618,IL33
GO_Biological_Process_2021,regulation of G protein-coupled receptor signaling pathway (GO:0008277),1/82,0.5621188211968801,0.6233224920762316,0,0,1.2233389168062534,0.7046946278996441,RGS6
GO_Biological_Process_2021,positive regulation of protein ubiquitination (GO:0031398),1/82,0.5621188211968801,0.6233224920762316,0,0,1.2233389168062534,0.7046946278996441,FAM107A
GO_Biological_Process_2021,regulation of defense response (GO:0031347),1/83,0.5665156476761636,0.6267461248559099,0,0,1.208358867508273,0.6866506239569532,ANXA1
GO_Biological_Process_2021,regulation of Notch signaling pathway (GO:0008593),1/83,0.5665156476761636,0.6267461248559099,0,0,1.208358867508273,0.6866506239569532,EGFR
GO_Biological_Process_2021,long-chain fatty acid metabolic process (GO:0001676),1/83,0.5665156476761636,0.6267461248559099,0,0,1.208358867508273,0.6866506239569532,PLA2G4A
GO_Biological_Process_2021,spindle assembly (GO:0051225),1/84,0.5708685433147935,0.6310756183218196,0,0,1.1937397832536174,0.6692061267801053,TPX2
GO_Biological_Process_2021,negative regulation of Wnt signaling pathway (GO:0030178),2/191,0.5716062810934518,0.6314050920386128,0,0,1.0481000481000482,0.5862074342866229,SFRP1;APCDD1
GO_Biological_Process_2021,"retrograde vesicle-mediated transport, Golgi to endoplasmic reticulum (GO:0006890)",1/85,0.5751779449472499,0.6348620514559961,0,0,1.1794687724335966,0.6523356544527062,RACGAP1
GO_Biological_Process_2021,negative regulation of phosphorylation (GO:0042326),1/86,0.5794442849420854,0.637122506260976,0,0,1.1655335501034585,0.636015065932131,PRNP
GO_Biological_Process_2021,regulation of interferon-gamma production (GO:0032649),1/86,0.5794442849420854,0.637122506260976,0,0,1.1655335501034585,0.636015065932131,PRNP
GO_Biological_Process_2021,regulation of neuron death (GO:1901214),1/86,0.5794442849420854,0.637122506260976,0,0,1.1655335501034585,0.636015065932131,PRNP
GO_Biological_Process_2021,regulation of Ras protein signal transduction (GO:0046578),1/86,0.5794442849420854,0.637122506260976,0,0,1.1655335501034585,0.636015065932131,SPRY2
GO_Biological_Process_2021,positive regulation of proteasomal protein catabolic process (GO:1901800),1/86,0.5794442849420854,0.637122506260976,0,0,1.1655335501034585,0.636015065932131,RNF180
GO_Biological_Process_2021,regulation of transcription from RNA polymerase II promoter in response to stress (GO:0043618),1/87,0.5836679914950987,0.6412756203419754,0,0,1.1519224027112305,0.6202214761277236,HIF3A
GO_Biological_Process_2021,negative regulation of binding (GO:0051100),1/88,0.5878494885157634,0.6443907370294932,0,0,1.138624155259054,0.6049331780092367,AURKA
GO_Biological_Process_2021,sensory perception of mechanical stimulus (GO:0050954),1/88,0.5878494885157634,0.6443907370294932,0,0,1.138624155259054,0.6049331780092367,COL11A1
GO_Biological_Process_2021,metal ion transport (GO:0030001),1/88,0.5878494885157634,0.6443907370294932,0,0,1.138624155259054,0.6049331780092367,RYR3
GO_Biological_Process_2021,regulation of cysteine-type endopeptidase activity involved in apoptotic process (GO:0043281),1/89,0.591989195722158,0.6469531849749003,0,0,1.1256281407035176,0.5901295699518402,AQP1
GO_Biological_Process_2021,second-messenger-mediated signaling (GO:0019932),1/89,0.591989195722158,0.6469531849749003,0,0,1.1256281407035176,0.5901295699518402,EDNRB
GO_Biological_Process_2021,transforming growth factor beta receptor signaling pathway (GO:0007179),1/89,0.591989195722158,0.6469531849749003,0,0,1.1256281407035176,0.5901295699518402,TGFBR3
GO_Biological_Process_2021,protein import (GO:0017038),1/89,0.591989195722158,0.6469531849749003,0,0,1.1256281407035176,0.5901295699518402,GPIHBP1
GO_Biological_Process_2021,positive regulation of binding (GO:0051099),1/90,0.5960875287025766,0.650936647313232,0,0,1.1129241714188922,0.5757910883551692,MET
GO_Biological_Process_2021,regulation of macromolecule metabolic process (GO:0060255),2/200,0.5967065753140588,0.6511175092332739,0,0,1.0,0.516329785050999,ARF1;NKAPL
GO_Biological_Process_2021,regulation of actin cytoskeleton organization (GO:0032956),1/91,0.6001448988156681,0.6533798898402573,0,0,1.100502512562814,0.5618991453376235,FAM107A
GO_Biological_Process_2021,sensory perception of sound (GO:0007605),1/91,0.6001448988156681,0.6533798898402573,0,0,1.100502512562814,0.5618991453376235,COL11A1
GO_Biological_Process_2021,positive regulation of transport (GO:0051050),1/91,0.6001448988156681,0.6533798898402573,0,0,1.100502512562814,0.5618991453376235,ANXA1
GO_Biological_Process_2021,positive regulation of apoptotic process (GO:0043065),3/310,0.6018849714192065,0.6547778931499852,0,0,0.9669306701499694,0.4908999966431734,PRNP;SFRP1;HOXA5
GO_Biological_Process_2021,Wnt signaling pathway (GO:0016055),1/92,0.6041617136020576,0.6567571693660521,0,0,1.0883538571980782,0.5484360698708618,SFRP1
GO_Biological_Process_2021,cytoplasmic translation (GO:0002181),1/93,0.6081383763355012,0.6600806564004381,0,0,1.0764693030369237,0.5353850545471538,GSPT2
GO_Biological_Process_2021,visual perception (GO:0007601),1/93,0.6081383763355012,0.6600806564004381,0,0,1.0764693030369237,0.5353850545471538,COL11A1
GO_Biological_Process_2021,protein polyubiquitination (GO:0000209),3/314,0.6105726262166263,0.661722483960057,0,0,0.9542983988117584,0.4708107786854297,RUSC1;UBE2T;PELI2
GO_Biological_Process_2021,cellular macromolecule biosynthetic process (GO:0034645),3/314,0.6105726262166263,0.661722483960057,0,0,0.9542983988117584,0.4708107786854297,THRB;CDK1;GSPT2
GO_Biological_Process_2021,negative regulation of cell death (GO:0060548),1/94,0.6120752863236749,0.6623512518167273,0,0,1.0648403306856864,0.5227301046685241,FGF2
GO_Biological_Process_2021,interleukin-1-mediated signaling pathway (GO:0070498),1/94,0.6120752863236749,0.6623512518167273,0,0,1.0648403306856864,0.5227301046685241,PELI2
GO_Biological_Process_2021,ciliary basal body-plasma membrane docking (GO:0097711),1/95,0.6159728391110465,0.6655658366918455,0,0,1.0534587832780926,0.5104559909803796,CDK1
GO_Biological_Process_2021,sensory perception of light stimulus (GO:0050953),1/95,0.6159728391110465,0.6655658366918455,0,0,1.0534587832780926,0.5104559909803796,COL11A1
GO_Biological_Process_2021,translational termination (GO:0006415),1/96,0.6198314260741546,0.6692315246935985,0,0,1.0423168473948692,0.4985482066164667,GSPT2
GO_Biological_Process_2021,negative regulation of neuron death (GO:1901215),1/98,0.6274332493027582,0.676930237414546,0,0,1.0207221675387246,0.4757769643136218,NTRK2
GO_Biological_Process_2021,phosphate-containing compound metabolic process (GO:0006796),2/212,0.6284441179937611,0.6775118269061869,0,0,0.9422799422799424,0.4376967299204192,INPP1;PLA2G4A
GO_Biological_Process_2021,sensory perception of chemical stimulus (GO:0007606),1/99,0.6311772493570809,0.6799478845287084,0,0,1.0102553584247769,0.464887747030177,GNAL
GO_Biological_Process_2021,cell-matrix adhesion (GO:0007160),1/100,0.6348838112697764,0.6834281506622182,0,0,1.0,0.454313271209604,THSD1
GO_Biological_Process_2021,negative regulation of cellular macromolecule biosynthetic process (GO:2000113),5/547,0.6421458470032481,0.6887074304437788,0,0,0.9110606490680292,0.4035450445311088,TCEAL7;SFRP1;ATOH8;ID4;HOXA7
GO_Biological_Process_2021,protein O-linked glycosylation (GO:0006493),1/102,0.642186106799596,0.6887074304437788,0,0,0.9800985123637992,0.4340632175669919,TMTC1
GO_Biological_Process_2021,regulation of cell death (GO:0010941),1/102,0.642186106799596,0.6887074304437788,0,0,0.9800985123637992,0.4340632175669919,FGF2
GO_Biological_Process_2021,regulation of proteasomal ubiquitin-dependent protein catabolic process (GO:0032434),1/102,0.642186106799596,0.6887074304437788,0,0,0.9800985123637992,0.4340632175669919,RNF180
GO_Biological_Process_2021,regulation of protein catabolic process (GO:0042176),1/102,0.642186106799596,0.6887074304437788,0,0,0.9800985123637992,0.4340632175669919,EGFR
GO_Biological_Process_2021,regulation of insulin secretion (GO:0050796),1/104,0.6493430720264805,0.6958631727089746,0,0,0.9609698980338586,0.4149411183845573,SFRP1
GO_Biological_Process_2021,positive regulation of cytokine production (GO:0001819),3/335,0.6540881747867144,0.7004255175195541,0,0,0.8929729068558498,0.3790787083175441,IL33;ANXA1;TSLP
GO_Biological_Process_2021,intracellular protein transport (GO:0006886),3/336,0.6560716141365602,0.7018090037698376,0,0,0.8902455755247634,0.3752254484943738,ARF1;RASSF9;GPIHBP1
GO_Biological_Process_2021,small GTPase mediated signal transduction (GO:0007264),1/106,0.6563575850020138,0.7018090037698376,0,0,0.9425699928212492,0.3968686613882323,FGF2
GO_Biological_Process_2021,response to calcium ion (GO:0051592),1/107,0.6598123057378238,0.7049780290472581,0,0,0.933630416232104,0.388203405372955,RYR3
GO_Biological_Process_2021,DNA replication (GO:0006260),1/108,0.6632324670568477,0.7081054443818835,0,0,0.9248579345324754,0.3797741558133871,CDK1
GO_Biological_Process_2021,modulation of chemical synaptic transmission (GO:0050804),1/109,0.6666184129739804,0.7111917095324188,0,0,0.916247906197655,0.3715728772578474,RELN
GO_Biological_Process_2021,regulation of protein kinase activity (GO:0045859),1/110,0.6699704840956059,0.7142372792585673,0,0,0.9077958600341156,0.3635918695397154,RELN
GO_Biological_Process_2021,regulation of protein serine/threonine kinase activity (GO:0071900),1/111,0.6732890175997336,0.7172426033184106,0,0,0.8994974874371859,0.3558237511616551,CCNB1
GO_Biological_Process_2021,apoptotic process (GO:0006915),2/231,0.6746907426925027,0.7182030441115151,0,0,0.863261435313837,0.3396941103556566,SEMA6A;PLAGL1
GO_Biological_Process_2021,regulation of cytoskeleton organization (GO:0051493),1/112,0.6765743473112501,0.7196746390658926,0,0,0.8913486350672281,0.3482614435144341,FAM107A
GO_Biological_Process_2021,"nuclear-transcribed mRNA catabolic process, nonsense-mediated decay (GO:0000184)",1/113,0.6798268039735822,0.7225990307224752,0,0,0.8833452979181622,0.3408981557475202,GSPT2
GO_Biological_Process_2021,activation of protein kinase activity (GO:0032147),1/114,0.683046714602197,0.7244129114983419,0,0,0.8754836127540356,0.3337273716848506,TPX2
GO_Biological_Process_2021,negative regulation of cell motility (GO:2000146),1/114,0.683046714602197,0.7244129114983419,0,0,0.8754836127540356,0.3337273716848506,SFRP1
GO_Biological_Process_2021,positive regulation of cellular component organization (GO:0051130),1/114,0.683046714602197,0.7244129114983419,0,0,0.8754836127540356,0.3337273716848506,RELN
GO_Biological_Process_2021,cellular amide metabolic process (GO:0043603),1/115,0.6862344035181568,0.7267202090354521,0,0,0.8677598518910341,0.326742835332831,MME
GO_Biological_Process_2021,cellular response to molecule of bacterial origin (GO:0071219),1/115,0.6862344035181568,0.7267202090354521,0,0,0.8677598518910341,0.326742835332831,CXCL2
GO_Biological_Process_2021,ion transport (GO:0006811),1/116,0.6893901914288371,0.7295241819394326,0,0,0.8601704173039109,0.3199385396662478,SLC24A2
GO_Biological_Process_2021,adenylate cyclase-activating G protein-coupled receptor signaling pathway (GO:0007189),1/118,0.6956073317848006,0.7344795062080689,0,0,0.845380749903363,0.3068478138715934,GNAL
GO_Biological_Process_2021,negative regulation of response to external stimulus (GO:0032102),1/118,0.6956073317848006,0.7344795062080689,0,0,0.845380749903363,0.3068478138715934,FGF2
GO_Biological_Process_2021,regulation of protein binding (GO:0043393),1/118,0.6956073317848006,0.7344795062080689,0,0,0.845380749903363,0.3068478138715934,AURKA
GO_Biological_Process_2021,membrane organization (GO:0061024),2/242,0.6992740996180559,0.7378086752766555,0,0,0.8232323232323232,0.294480478051793,RABIF;EGFR
GO_Biological_Process_2021,cellular response to lipopolysaccharide (GO:0071222),1/120,0.701700639474265,0.7398253438216186,0,0,0.8310882141801444,0.294411674622422,CXCL2
GO_Biological_Process_2021,anterograde trans-synaptic signaling (GO:0098916),2/244,0.7035755692249456,0.741257899785049,0,0,0.8163452708907254,0.2870106615687539,SYN2;SCN2B
GO_Biological_Process_2021,non-canonical Wnt signaling pathway (GO:0035567),1/124,0.7135255255654438,0.750639307481302,0,0,0.8038975364628018,0.2713452170770706,SFRP1
GO_Biological_Process_2021,regulation of tumor necrosis factor production (GO:0032680),1/124,0.7135255255654438,0.750639307481302,0,0,0.8038975364628018,0.2713452170770706,IL33
GO_Biological_Process_2021,protein targeting (GO:0006605),1/125,0.7164081282131235,0.7514697385785576,0,0,0.7973739666072297,0.2659284143992235,RASSF9
GO_Biological_Process_2021,cellular response to oxidative stress (GO:0034599),1/125,0.7164081282131235,0.7514697385785576,0,0,0.7973739666072297,0.2659284143992235,EGFR
GO_Biological_Process_2021,regulation of phosphorylation (GO:0042325),1/125,0.7164081282131235,0.7514697385785576,0,0,0.7973739666072297,0.2659284143992235,EGFR
GO_Biological_Process_2021,platelet degranulation (GO:0002576),1/125,0.7164081282131235,0.7514697385785576,0,0,0.7973739666072297,0.2659284143992235,PROS1
GO_Biological_Process_2021,negative regulation of cell growth (GO:0030308),1/126,0.7192618685309876,0.7528134425732494,0,0,0.7909547738693468,0.2606431490060761,SFRP1
GO_Biological_Process_2021,negative regulation of growth (GO:0045926),1/126,0.7192618685309876,0.7528134425732494,0,0,0.7909547738693468,0.2606431490060761,SFRP1
GO_Biological_Process_2021,circulatory system development (GO:0072359),1/126,0.7192618685309876,0.7528134425732494,0,0,0.7909547738693468,0.2606431490060761,POU6F1
GO_Biological_Process_2021,regulation of response to external stimulus (GO:0032101),1/130,0.7303939147263233,0.7633520098595343,0,0,0.7662732265981068,0.2407410413206643,ANXA1
GO_Biological_Process_2021,Golgi organization (GO:0007030),1/130,0.7303939147263233,0.7633520098595343,0,0,0.7662732265981068,0.2407410413206643,CDK1
GO_Biological_Process_2021,cellular component assembly (GO:0022607),2/261,0.7381111518046974,0.7700940584417396,0,0,0.762099762099762,0.2314198642274078,RHOJ;FAM107A
GO_Biological_Process_2021,RNA metabolic process (GO:0016070),1/133,0.7384537036728938,0.7700940584417396,0,0,0.7487437185929648,0.2270167509014778,LAGE3
GO_Biological_Process_2021,transmembrane receptor protein serine/threonine kinase signaling pathway (GO:0007178),1/133,0.7384537036728938,0.7700940584417396,0,0,0.7487437185929648,0.2270167509014778,TGFBR3
GO_Biological_Process_2021,potassium ion transmembrane transport (GO:0071805),1/139,0.7538610468365632,0.7855910473565347,0,0,0.715971160148569,0.202295658016559,SLC24A2
GO_Biological_Process_2021,neuron projection morphogenesis (GO:0048812),1/140,0.7563396476796467,0.7876024177432724,0,0,0.7107841365098876,0.1984969430102926,S100B
GO_Biological_Process_2021,Ras protein signal transduction (GO:0007265),1/142,0.7612225890637079,0.7921127810836843,0,0,0.7006308136426815,0.1911527324338831,FGF2
GO_Biological_Process_2021,neuron development (GO:0048666),1/143,0.76362742236206,0.793465252179391,0,0,0.6956614056196475,0.1876026814442347,NTRK2
GO_Biological_Process_2021,nitrogen compound transport (GO:0071705),1/143,0.76362742236206,0.793465252179391,0,0,0.6956614056196475,0.1876026814442347,AQP1
GO_Biological_Process_2021,phosphorylation (GO:0016310),3/400,0.7663142118059494,0.79568127849121,0,0,0.7442749555677736,0.1980984514037354,CCL11;CDK1;AURKA
GO_Biological_Process_2021,DNA metabolic process (GO:0006259),2/277,0.7674369654461646,0.7962713022981881,0,0,0.7171717171717171,0.1898345880301726,UBE2T;CDK1
GO_Biological_Process_2021,positive regulation of cytosolic calcium ion concentration (GO:0007204),1/147,0.7730081424044016,0.801435616881341,0,0,0.6764645143525848,0.1741664076420715,TACR1
GO_Biological_Process_2021,protein ubiquitination (GO:0016567),4/525,0.7735304770177845,0.801435616881341,0,0,0.7551803830937366,0.193922927878815,RUSC1;UBE2T;PELI2;HIF3A
GO_Biological_Process_2021,regulation of cytosolic calcium ion concentration (GO:0051480),1/148,0.7752948529641656,0.8021062023462115,0,0,0.6718285304071377,0.1709883332727604,TACR1
GO_Biological_Process_2021,positive regulation of intracellular protein transport (GO:0090316),1/148,0.7752948529641656,0.8021062023462115,0,0,0.6718285304071377,0.1709883332727604,PRNP
GO_Biological_Process_2021,positive regulation of programmed cell death (GO:0043068),2/286,0.7826525179384374,0.8091353605180678,0,0,0.694124342011666,0.1701065983904068,SFRP1;HOXA5
GO_Biological_Process_2021,actin filament organization (GO:0007015),1/152,0.7842147458452606,0.8101671762833053,0,0,0.6538986322340178,0.1589447004917271,LMOD1
GO_Biological_Process_2021,cellular protein metabolic process (GO:0044267),3/417,0.7902804695356511,0.8158466960842523,0,0,0.7130876186272346,0.1678375586585319,SPARCL1;MSRB3;GSPT2
GO_Biological_Process_2021,cellular response to starvation (GO:0009267),1/158,0.7969382105229577,0.8209492613421572,0,0,0.6287168325704958,0.1427049714417737,SFRP1
GO_Biological_Process_2021,skeletal system development (GO:0001501),1/158,0.7969382105229577,0.8209492613421572,0,0,0.6287168325704958,0.1427049714417737,COL10A1
GO_Biological_Process_2021,T cell receptor signaling pathway (GO:0050852),1/158,0.7969382105229577,0.8209492613421572,0,0,0.6287168325704958,0.1427049714417737,BTNL9
GO_Biological_Process_2021,response to lipopolysaccharide (GO:0032496),1/159,0.7989849820224193,0.8224676947556947,0,0,0.6247058075186057,0.1401921851942683,CXCL2
GO_Biological_Process_2021,organelle assembly (GO:0070925),3/425,0.8008376287514185,0.8237842656783932,0,0,0.6992806793850891,0.1553081851983007,LMOD1;PGM5;CDC14B
GO_Biological_Process_2021,DNA repair (GO:0006281),2/298,0.8015831873259784,0.8239609570508984,0,0,0.6655746655746656,0.1472028344264448,UBE2T;CDK1
GO_Biological_Process_2021,cellular protein modification process (GO:0006464),8/1025,0.8099087828018386,0.8319234707463807,0,0,0.769542772861357,0.1622455127739094,ANXA1;CCL11;CDK1;SPARCL1;PTPN21;HIF3A;CDC14B;AURKA
GO_Biological_Process_2021,negative regulation of canonical Wnt signaling pathway (GO:0090090),1/165,0.8108416098036432,0.8322863128506301,0,0,0.6016668709400662,0.1261590415104338,SFRP1
GO_Biological_Process_2021,chemical synaptic transmission (GO:0007268),2/306,0.813381380876817,0.8342969020993638,0,0,0.6477937267410951,0.1338051474066782,SYN2;SCN2B
GO_Biological_Process_2021,cellular protein-containing complex assembly (GO:0034622),1/168,0.8165063001156674,0.8369043875561016,0,0,0.5907682123190804,0.1197609163547349,DMD
GO_Biological_Process_2021,cell-cell adhesion via plasma-membrane adhesion molecules (GO:0098742),1/170,0.8201886602032219,0.8400791127331145,0,0,0.5837174035859772,0.1157049842793753,CLDN11
GO_Biological_Process_2021,nuclear-transcribed mRNA catabolic process (GO:0000956),1/171,0.8220021720657791,0.8413365068328287,0,0,0.5802542122376588,0.1137369287884457,GSPT2
GO_Biological_Process_2021,cilium assembly (GO:0060271),2/314,0.824552160663294,0.8433453723023434,0,0,0.6309246309246309,0.1217147466850648,CDK1;CDC14B
GO_Biological_Process_2021,defense response to bacterium (GO:0042742),1/176,0.8308003376270978,0.8491311635818595,0,0,0.5635319454414932,0.1044595389554742,AQP1
GO_Biological_Process_2021,transcription by RNA polymerase II (GO:0006366),2/320,0.8325341219837613,0.8502980079435855,0,0,0.6188298075090528,0.1134197896392134,THRB;NR3C2
GO_Biological_Process_2021,protein stabilization (GO:0050821),1/179,0.8358701042759268,0.852492521122323,0,0,0.5539495228953758,0.0993132091800345,GPIHBP1
GO_Biological_Process_2021,regulation of immune response (GO:0050776),1/179,0.8358701042759268,0.852492521122323,0,0,0.5539495228953758,0.0993132091800345,CD300LG
GO_Biological_Process_2021,regulated exocytosis (GO:0045055),1/180,0.8375262086141492,0.8535753268771598,0,0,0.5508267594958031,0.0976630837566713,PROS1
GO_Biological_Process_2021,antigen receptor-mediated signaling pathway (GO:0050851),1/185,0.8455606086408664,0.8605421927769554,0,0,0.5357220887043915,0.089870289044078,BTNL9
GO_Biological_Process_2021,endoplasmic reticulum to Golgi vesicle-mediated transport (GO:0006888),1/185,0.8455606086408664,0.8605421927769554,0,0,0.5357220887043915,0.089870289044078,PROS1
GO_Biological_Process_2021,regulation of programmed cell death (GO:0043067),1/194,0.8590391139870378,0.873640345386251,0,0,0.51050589736246,0.0775666865527218,TNFRSF10D
GO_Biological_Process_2021,positive regulation of multicellular organismal process (GO:0051240),2/345,0.8623889482892236,0.8758065981211635,0,0,0.5729893689077362,0.0848304423250972,IL33;FGF2
GO_Biological_Process_2021,post-translational protein modification (GO:0043687),2/345,0.8623889482892236,0.8758065981211635,0,0,0.5729893689077362,0.0848304423250972,SPARCL1;HIF3A
GO_Biological_Process_2021,negative regulation of intracellular signal transduction (GO:1902532),1/198,0.8646474640160556,0.8774796878636438,0,0,0.5000382623778793,0.0727222702154346,PDE2A
GO_Biological_Process_2021,cellular response to DNA damage stimulus (GO:0006974),2/350,0.8677450959579022,0.8800013826239743,0,0,0.5646116335771508,0.0800942681689198,UBE2T;CDK1
GO_Biological_Process_2021,modification-dependent protein catabolic process (GO:0019941),1/201,0.8687075091835524,0.8803556691514336,0,0,0.4924623115577889,0.0693134762410876,AURKA
GO_Biological_Process_2021,ubiquitin-dependent protein catabolic process (GO:0006511),2/354,0.8718921469465938,0.882959889291473,0,0,0.5580808080808081,0.0765070454019189,USP44;AURKA
GO_Biological_Process_2021,gene expression (GO:0010467),2/356,0.873920732769791,0.8837801322294714,0,0,0.5548707413114192,0.0747774896021125,THRB;GSPT2
GO_Biological_Process_2021,proteasomal protein catabolic process (GO:0010498),1/205,0.8739329998369425,0.8837801322294714,0,0,0.4827076559266923,0.065045612310389,USP44
GO_Biological_Process_2021,translation (GO:0006412),1/214,0.8849459769149011,0.89428741931724,0,0,0.4620992285370514,0.0564817782115859,GSPT2
GO_Biological_Process_2021,protein transport (GO:0015031),2/369,0.8864041924682173,0.8951310973167089,0,0,0.534858117964385,0.0644943863254484,ARF1;GPIHBP1
GO_Biological_Process_2021,"transcription, DNA-templated (GO:0006351)",1/221,0.8928451496713368,0.9010018516711452,0,0,0.4472361809045226,0.0506906958849928,THRB
GO_Biological_Process_2021,cilium organization (GO:0044782),1/228,0.9002045097002905,0.9077905027595626,0,0,0.4332897970026343,0.0455531898856198,CDC14B
GO_Biological_Process_2021,regulation of autophagy (GO:0010506),1/231,0.9032024612713536,0.91017455044608,0,0,0.427572645837885,0.04353054728426,MET
GO_Biological_Process_2021,positive regulation of DNA-binding transcription factor activity (GO:0051091),1/246,0.9168999781627214,0.9233298517823756,0,0,0.4010870679930263,0.0347970657329219,RELN
GO_Biological_Process_2021,protein modification by small protein conjugation (GO:0032446),2/409,0.9180076918680656,0.923797509125818,0,0,0.4812994812994813,0.041174934526358,UBE2T;HIF3A
GO_Biological_Process_2021,organelle organization (GO:0006996),2/420,0.9251343958399412,0.9303172215869436,0,0,0.468367889420521,0.0364466370952289,CCL11;SEMA6A
GO_Biological_Process_2021,protein-containing complex assembly (GO:0065003),1/267,0.9328960361865728,0.9374658558179976,0,0,0.3690255790229342,0.0256330754014875,DMD
GO_Biological_Process_2021,plasma membrane bounded cell projection assembly (GO:0120031),1/278,0.9400110115831296,0.943955113729632,0,0,0.3541715799212669,0.021910360592089,CDC14B
GO_Biological_Process_2021,innate immune response (GO:0045087),1/302,0.9530350356395972,0.9563649973294632,0,0,0.325531311040251,0.0156592320358693,S100B
GO_Biological_Process_2021,neutrophil degranulation (GO:0043312),2/481,0.9551808043563506,0.9578489071618153,0,0,0.407435524345754,0.0186828062312547,MME;METTL7A
GO_Biological_Process_2021,neutrophil activation involved in immune response (GO:0002283),2/485,0.9566844269152492,0.9586872554433344,0,0,0.4039776648472301,0.0178888154786401,MME;METTL7A
GO_Biological_Process_2021,neutrophil mediated immunity (GO:0002446),2/488,0.9577804768792316,0.9591162934439168,0,0,0.4014216236438458,0.0173159939473853,MME;METTL7A
GO_Biological_Process_2021,regulation of nucleic acid-templated transcription (GO:1903506),1/430,0.9873327194590372,0.988020756197336,0,0,0.2269037495168148,0.0028926131480677,ZNF502
GO_Biological_Process_2021,regulation of cellular macromolecule biosynthetic process (GO:2000112),1/468,0.991428858914004,0.991428858914004,0,0,0.2080315926527713,0.0017907535419016,ZNF502
MSigDB_Hallmark_2020,KRAS Signaling Up,8/200,0.0009340556104345936,0.0308238351443415,0,0,4.255208333333333,29.684225172013964,MMP11;IL33;GPRC5B;RELN;ALDH1A2;TSPAN7;SPARCL1;SPRY2
MSigDB_Hallmark_2020,G2-M Checkpoint,7/200,0.0040674004021623,0.0591972928382587,0,0,3.684635829149776,20.28300352206346,TPX2;RACGAP1;PRC1;CDK1;DMD;MEIS2;AURKA
MSigDB_Hallmark_2020,Bile Acid Metabolism,5/112,0.0053815720762053,0.0591972928382587,0,0,4.71914689671699,24.65647950040891,ABCA5;ABCA9;ABCA8;HSD17B6;NR3C2
MSigDB_Hallmark_2020,Coagulation,5/138,0.0126467242586719,0.0852169493000804,0,0,3.791594370541739,16.57062118510299,MMP11;RABIF;ANXA1;PROS1;RGN
MSigDB_Hallmark_2020,UV Response Dn,5/144,0.0149663146755444,0.0852169493000804,0,0,3.626821619627375,15.239735042336031,TGFBR3;NFIB;COL11A1;PTPN21;MET
MSigDB_Hallmark_2020,Myogenesis,6/200,0.0154939907818328,0.0852169493000804,0,0,3.1256244021681368,13.025424015927582,PRNP;FXYD1;SSPN;DMD;MYH11;FGF2
MSigDB_Hallmark_2020,Mitotic Spindle,5/199,0.0499602474440714,0.1864279943915689,0,0,2.591329632566746,7.764990870652189,TPX2;RACGAP1;PRC1;CDK1;AURKA
MSigDB_Hallmark_2020,IL-2/STAT5 Signaling,5/199,0.0499602474440714,0.1864279943915689,0,0,2.591329632566746,7.764990870652189,ITIH5;PRNP;PLAGL1;PTCH1;SH3BGRL2
MSigDB_Hallmark_2020,Epithelial Mesenchymal Transition,5/200,0.0508439984704279,0.1864279943915689,0,0,2.5779092702169626,7.679574154313181,TGFBR3;SFRP1;COL11A1;FGF2;MATN2
MSigDB_Hallmark_2020,Protein Secretion,3/96,0.0717230639353225,0.2366861109865645,0,0,3.2269526772556083,8.502836079014903,ARF1;SSPN;EGFR
MSigDB_Hallmark_2020,Androgen Response,3/100,0.0789086435328542,0.2367259305985626,0,0,3.0932544874143075,7.855209980826792,PTPN21;LIFR;CDC14B
MSigDB_Hallmark_2020,PI3K/AKT/mTOR  Signaling,3/105,0.0883124080071284,0.2428591220196033,0,0,2.9408778739922363,7.137141991170913,ARF1;CDK1;EGFR
MSigDB_Hallmark_2020,Adipogenesis,4/200,0.1410458258534753,0.2909070158227928,0,0,2.041232819658476,3.998102375539297,ITIH5;SSPN;SPARCL1;LIFR
MSigDB_Hallmark_2020,E2F Targets,4/200,0.1410458258534753,0.2909070158227928,0,0,2.041232819658476,3.998102375539297,RACGAP1;UBE2T;CDK1;AURKA
MSigDB_Hallmark_2020,Xenobiotic Metabolism,4/200,0.1410458258534753,0.2909070158227928,0,0,2.041232819658476,3.998102375539297,ADH1C;PROS1;ATOH8;NDRG2
MSigDB_Hallmark_2020,Glycolysis,4/200,0.1410458258534753,0.2909070158227928,0,0,2.041232819658476,3.998102375539297,CDK1;MET;EGFR;AURKA
MSigDB_Hallmark_2020,Hedgehog Signaling,1/36,0.3038080819844295,0.5897451003227161,0,0,2.8377602297200286,3.380791434126185,PTCH1
MSigDB_Hallmark_2020,Apical Junction,3/200,0.3233044834418361,0.5927248863100328,0,0,1.5153443788811871,1.711067359910169,CLDN11;ADAMTS5;EGFR
MSigDB_Hallmark_2020,Wnt-beta Catenin Signaling,1/42,0.344625677945044,0.5985603880098134,0,0,2.4217428606446867,2.579874053958348,PTCH1
MSigDB_Hallmark_2020,Reactive Oxygen Species Pathway,1/49,0.3892456229672477,0.6156921772717433,0,0,2.0678391959799,1.9510987409424116,PRNP
MSigDB_Hallmark_2020,Spermatogenesis,2/135,0.3918041128092912,0.6156921772717433,0,0,1.4936583883952306,1.3995478670313066,CDK1;AURKA
MSigDB_Hallmark_2020,Fatty Acid Metabolism,2/158,0.470271536490919,0.6887868953530217,0,0,1.271950271950272,0.9596165405879008,ADH1C;CA4
MSigDB_Hallmark_2020,Apoptosis,2/161,0.4800635937308939,0.6887868953530217,0,0,1.2477606251191158,0.915652535679826,TGFBR3;ANXA1
MSigDB_Hallmark_2020,Interferon Gamma Response,2/200,0.5967065753140588,0.7293080364949608,0,0,1.0,0.516329785050999,SSPN;PLA2G4A
MSigDB_Hallmark_2020,Complement,2/200,0.5967065753140588,0.7293080364949608,0,0,1.0,0.516329785050999,RABIF;PLA2G4A
MSigDB_Hallmark_2020,Inflammatory Response,2/200,0.5967065753140588,0.7293080364949608,0,0,1.0,0.516329785050999,TACR1;MET
MSigDB_Hallmark_2020,Allograft Rejection,2/200,0.5967065753140588,0.7293080364949608,0,0,1.0,0.516329785050999,CCL11;EGFR
MSigDB_Hallmark_2020,UV Response Up,1/158,0.7969382105229577,0.8673678080217752,0,0,0.6287168325704958,0.1427049714417737,CXCL2
MSigDB_Hallmark_2020,TNF-alpha Signaling via NF-kB,1/200,0.8673678080217752,0.8673678080217752,0,0,0.49496224842807,0.0704292481681379,CXCL2
MSigDB_Hallmark_2020,Hypoxia,1/200,0.8673678080217752,0.8673678080217752,0,0,0.49496224842807,0.0704292481681379,EGFR
MSigDB_Hallmark_2020,Estrogen Response Late,1/200,0.8673678080217752,0.8673678080217752,0,0,0.49496224842807,0.0704292481681379,PLAC1
MSigDB_Hallmark_2020,mTORC1 Signaling,1/200,0.8673678080217752,0.8673678080217752,0,0,0.49496224842807,0.0704292481681379,AURKA
MSigDB_Hallmark_2020,KRAS Signaling Dn,1/200,0.8673678080217752,0.8673678080217752,0,0,0.49496224842807,0.0704292481681379,THRB
